---,AllowedInputs,bRequiresOnBeat,StanceFilter,SpecialCost,MaxPostWait,MoveWindows,PossibleTransitions
MaestraRPSDefault,"(Any=False,Light=False,LightForward=False,LightBack=False,LightCrouch=False,Medium=False,MediumCrouch=False,Heavy=False,HeavyCrouch=False,Special1=False,Special2=False,Special3=False,Super=False,Jump=False,Block=False,DashForward=False,DashBackward=False)","False","(Standing=FE_Allowed,Crouching=FE_Allowed,Jumping=FE_Allowed)","0.000000","0.000000","","((DataTable=DataTable'/Game/Data/MoveDataTable.MoveDataTable',RowName=""MaestraGrab""),(DataTable=DataTable'/Game/Data/MoveDataTable.MoveDataTable',RowName=""MaestraOffBeatGrab""),(DataTable=DataTable'/Game/Data/MoveDataTable.MoveDataTable',RowName=""MaestraDashForward""),(DataTable=DataTable'/Game/Data/MoveDataTable.MoveDataTable',RowName=""MeastraDashBackward""),(DataTable=DataTable'/Game/Data/MoveDataTable.MoveDataTable',RowName=""MaestraAttack""),(DataTable=DataTable'/Game/Data/MoveDataTable.MoveDataTable',RowName=""MaestraAttackOffBeat""),(DataTable=DataTable'/Game/Data/MoveDataTable.MoveDataTable',RowName=""MaestraParry""),(DataTable=DataTable'/Game/Data/MoveDataTable.MoveDataTable',RowName=""MaestraForwardAttack""),(DataTable=DataTable'/Game/Data/MoveDataTable.MoveDataTable'),(DataTable=DataTable'/Game/Data/MoveDataTable.MoveDataTable',RowName=""MaestraForwardAttackOffBeat""),(DataTable=DataTable'/Game/Data/MoveDataTable.MoveDataTable',RowName=""MaestraCrouchAttack""),(DataTable=DataTable'/Game/Data/MoveDataTable.MoveDataTable',RowName=""MaestraCrouchAttackOffBeat""),(DataTable=DataTable'/Game/Data/MoveDataTable.MoveDataTable',RowName=""MaestraAirAttackOnBeat""),(DataTable=DataTable'/Game/Data/MoveDataTable.MoveDataTable',RowName=""MaestraAirAttackOffBeat""))"
MaestraAttack,"(Any=False,Light=True,LightForward=False,LightBack=True,LightCrouch=False,Medium=False,MediumCrouch=False,Heavy=False,HeavyCrouch=False,Special1=False,Special2=False,Special3=False,Super=False,Jump=False,Block=False,DashForward=False,DashBackward=False)","True","(Standing=FE_Allowed,Crouching=FE_Allowed,Jumping=FE_Prohibited)","0.000000","0.500000","((Windup=0.065000,Duration=0.200000,Winddown=0.230000,AttackerMovement=(Delta=(X=15.000000,Y=0.000000),Duration=0.100000),IsHitboxActive=True,Hitbox=(Origin=(X=-10.000000,Y=0.000000),End=(X=150.000000,Y=0.000000),Radius=40.000000,RPSCategory=RPS_Attack),DefenderHit=(ImpartedMovement=(Delta=(X=50.000000,Y=0.000000),Duration=0.100000,InAirLaunchDelta=(X=200.000000,Y=1000.000000)),Damage=3.000000,SpecialGenerated=4.000000,StunLength=1.000000,SFX=(ParticleSystem=ParticleSystem'/Game/Assets/Characters/Shared/Effects/Characters_Shared_VFX_HITFX2_SMALL_Ver1.Characters_Shared_VFX_HITFX2_SMALL_Ver1',SoundCue=SoundCue'/Game/Assets/Sound/char_all_sfx_mediumhit_Cue.char_all_sfx_mediumhit_Cue'),HitstopAmount=0.170000),DefenderBlock=(ImpartedMovement=(Delta=(X=50.000000,Y=0.000000),Duration=0.100000),Damage=1.000000,StunLength=0.150000,SFX=(ParticleSystem=ParticleSystem'/Game/Assets/Characters/Shared/Effects/Character_Shared_VFX_SheildHitFX.Character_Shared_VFX_SheildHitFX')),MissSFX=(ParticleSystem=ParticleSystem'/Game/Assets/Characters/Classical/Particles/Characters_Class_VFX_MedStab.Characters_Class_VFX_MedStab'),SFX=(ParticleSystem=ParticleSystem'/Game/Assets/Characters/Classical/Particles/Characters_Class_VFX_MedStab.Characters_Class_VFX_MedStab',SoundCue=SoundCue'/Game/Assets/Sound/toBeReplaced/snd_se_Ryu_Swing_Punch_s_Cue.snd_se_Ryu_Swing_Punch_s_Cue'),AnimName=""StandingAttack""))","((DataTable=DataTable'/Game/Data/MoveDataTable.MoveDataTable',RowName=""MaestraAttack2""))"
MaestraAttackOffBeat,"(Any=False,Light=True,LightForward=False,LightBack=True,LightCrouch=False,Medium=False,MediumCrouch=False,Heavy=False,HeavyCrouch=False,Special1=False,Special2=False,Special3=False,Super=False,Jump=False,Block=False,DashForward=False,DashBackward=False)","False","(Standing=FE_Allowed,Crouching=FE_Allowed,Jumping=FE_Prohibited)","0.000000","0.500000","((Windup=0.065000,Duration=0.200000,Winddown=0.230000,AttackerMovement=(Duration=0.100000),IsHitboxActive=True,Hitbox=(Origin=(X=-10.000000,Y=0.000000),End=(X=120.000000,Y=0.000000),Radius=10.000000,RPSCategory=RPS_Attack),DefenderHit=(ImpartedMovement=(Delta=(X=100.000000,Y=0.000000),Duration=0.100000),Damage=3.000000,SpecialGenerated=4.000000,StunLength=1.000000,SFX=(ParticleSystem=ParticleSystem'/Game/Assets/Characters/Shared/Effects/OFF-HITS/Characters_Shared_VFX_OffHIT1_Small.Characters_Shared_VFX_OffHIT1_Small',SoundCue=SoundCue'/Game/Assets/Sound/char_classical_sfx_miss_Cue1.char_classical_sfx_miss_Cue1')),DefenderBlock=(ImpartedMovement=(Delta=(X=50.000000,Y=0.000000),Duration=0.100000),Damage=1.000000,StunLength=0.150000,SFX=(ParticleSystem=ParticleSystem'/Game/Assets/Characters/Shared/Effects/Character_Shared_VFX_SheildHitFX.Character_Shared_VFX_SheildHitFX')),MissSFX=(ParticleSystem=ParticleSystem'/Game/Assets/Characters/Classical/Particles/Characters_Class_VFX_MedStaboffbeaT.Characters_Class_VFX_MedStaboffbeaT'),SFX=(ParticleSystem=ParticleSystem'/Game/Assets/Characters/Classical/Particles/Characters_Class_VFX_MedStaboffbeaT.Characters_Class_VFX_MedStaboffbeaT',SoundCue=SoundCue'/Game/Assets/Sound/toBeReplaced/snd_se_Ryu_Swing_Punch_s_Cue.snd_se_Ryu_Swing_Punch_s_Cue'),AnimName=""StandingAttackOffbeat""))","((DataTable=DataTable'/Game/Data/MoveDataTable.MoveDataTable'))"
MaestraAttack2,"(Any=False,Light=True,LightForward=False,LightBack=True,LightCrouch=False,Medium=False,MediumCrouch=False,Heavy=False,HeavyCrouch=False,Special1=False,Special2=False,Special3=False,Super=False,Jump=False,Block=False,DashForward=False,DashBackward=False)","True","(Standing=FE_Allowed,Crouching=FE_Allowed,Jumping=FE_Prohibited)","0.000000","0.500000","((Windup=0.065000,Duration=0.200000,Winddown=0.230000,AttackerMovement=(Delta=(X=120.000000,Y=0.000000),Duration=0.100000),IsHitboxActive=True,Hitbox=(End=(X=120.000000,Y=0.000000),Radius=40.000000,RPSCategory=RPS_Attack),DefenderHit=(ImpartedMovement=(Delta=(X=50.000000,Y=0.000000),Duration=0.100000,InAirLaunchDelta=(X=100.000000,Y=500.000000)),Damage=3.000000,SpecialGenerated=4.000000,StunLength=1.000000,SFX=(ParticleSystem=ParticleSystem'/Game/Assets/Characters/Shared/Effects/Characters_Shared_VFX_HITFX2_SMALL_Ver1.Characters_Shared_VFX_HITFX2_SMALL_Ver1',SoundCue=SoundCue'/Game/Assets/Sound/char_all_sfx_mediumhit_2hit_Cue.char_all_sfx_mediumhit_2hit_Cue'),HitstopAmount=0.170000),SFX=(ParticleSystem=ParticleSystem'/Game/Assets/Characters/Classical/Particles/Characters_class_Swipe05_ver1.Characters_class_Swipe05_ver1',SoundCue=SoundCue'/Game/Assets/Sound/toBeReplaced/snd_se_Ryu_Swing_Punch_s_Cue.snd_se_Ryu_Swing_Punch_s_Cue'),AnimName=""Attack2""))","((DataTable=DataTable'/Game/Data/MoveDataTable.MoveDataTable',RowName=""MaestraAttack3""))"
testjumpattack,"(Any=False,Light=False,LightForward=False,LightBack=False,LightCrouch=False,Medium=False,MediumCrouch=False,Heavy=False,HeavyCrouch=False,Special1=False,Special2=False,Special3=False,Super=False,Jump=False,Block=False,DashForward=False,DashBackward=False)","False","(Standing=FE_Allowed,Crouching=FE_Allowed,Jumping=FE_Prohibited)","0.000000","0.500000","((Windup=0.065000,AttackerMovement=(Delta=(X=150.000000,Y=0.000000),Duration=0.200000),Hitbox=(End=(X=75.000000,Y=100.000000),Radius=0.000000),DefenderHit=(Damage=8.000000),SFX=(SoundCue=SoundCue'/Game/Assets/Sound/toBeReplaced/snd_se_Ryu_Swing_Punch_s_Cue.snd_se_Ryu_Swing_Punch_s_Cue'),AnimName=""JumpThrust""),(Windup=0.430000,Duration=0.200000,IsHitboxActive=True,Hitbox=(Origin=(X=0.000000,Y=15.000000),End=(X=120.000000,Y=15.000000),Radius=40.000000,RPSCategory=RPS_Attack),DefenderHit=(bKnocksDown=True,ImpartedMovement=(Delta=(X=100.000000,Y=600.000000),UsePhysicsLaunch=True),SFX=(SoundCue=SoundCue'/Game/Assets/Sound/char_all_sfx_mediumhit_Cue.char_all_sfx_mediumhit_Cue'),HitstopAmount=0.170000),SFX=(SoundCue=SoundCue'/Game/Assets/Sound/toBeReplaced/snd_se_Ryu_Swing_Punch_s_Cue.snd_se_Ryu_Swing_Punch_s_Cue'),AnimName=""JumpThrust2""))","((DataTable=DataTable'/Game/Data/MoveDataTable.MoveDataTable',RowName=""MaestraAttack3""))"
MaestraAttack3,"(Any=False,Light=True,LightForward=False,LightBack=True,LightCrouch=False,Medium=False,MediumCrouch=False,Heavy=False,HeavyCrouch=False,Special1=False,Special2=False,Special3=False,Super=False,Jump=False,Block=False,DashForward=False,DashBackward=False)","True","(Standing=FE_Allowed,Crouching=FE_Allowed,Jumping=FE_Allowed)","0.000000","0.500000","((Windup=0.065000,Duration=0.010000,Winddown=0.500000,AttackerMovement=(Delta=(X=70.000000,Y=0.000000),Duration=0.100000),IsHitboxActive=True,Hitbox=(Origin=(X=90.000000,Y=-100.000000),End=(X=90.000000,Y=130.000000),Radius=45.000000,RPSCategory=RPS_Attack),DefenderHit=(bKnocksDown=True,ImpartedMovement=(Delta=(X=200.000000,Y=800.000000),Duration=0.100000,UsePhysicsLaunch=True),Damage=3.000000,SpecialGenerated=8.000000,StunLength=1.000000,SFX=(ParticleSystem=ParticleSystem'/Game/Assets/Characters/Shared/Effects/Characters_Shared_VFX_HITFX2_SMALL_Ver1.Characters_Shared_VFX_HITFX2_SMALL_Ver1',SoundCue=SoundCue'/Game/Assets/Sound/char_all_sfx_mediumhi_3hit_Cue.char_all_sfx_mediumhi_3hit_Cue'),HitstopAmount=0.170000),DefenderBlock=(ImpartedMovement=(Delta=(X=50.000000,Y=0.000000),Duration=0.100000),Damage=1.000000,StunLength=0.200000,SFX=(ParticleSystem=ParticleSystem'/Game/Assets/Characters/Shared/Effects/Character_Shared_VFX_SheildHitFX.Character_Shared_VFX_SheildHitFX')),SFX=(ParticleSystem=ParticleSystem'/Game/Assets/Characters/Classical/Particles/Characters_class_Swipe05_ver1.Characters_class_Swipe05_ver1',SoundCue=SoundCue'/Game/Assets/Sound/toBeReplaced/snd_se_Ryu_Swing_Punch_s_Cue.snd_se_Ryu_Swing_Punch_s_Cue'),AnimName=""ForwardAttack""))","((DataTable=DataTable'/Game/Data/MoveDataTable.MoveDataTable',RowName=""MaestraAttack4""))"
MaestraAttack4,"(Any=False,Light=True,LightForward=True,LightBack=True,LightCrouch=False,Medium=False,MediumCrouch=False,Heavy=False,HeavyCrouch=False,Special1=False,Special2=False,Special3=False,Super=False,Jump=False,Block=False,DashForward=False,DashBackward=False)","True","(Standing=FE_Allowed,Crouching=FE_Allowed,Jumping=FE_Allowed)","0.000000","0.500000","((Windup=0.065000,Duration=0.200000,AttackerMovement=(Delta=(X=15.000000,Y=0.000000),Duration=0.100000),IsHitboxActive=True,Hitbox=(Origin=(X=-10.000000,Y=100.000000),End=(X=150.000000,Y=0.000000),Radius=40.000000,RPSCategory=RPS_Attack),DefenderHit=(ImpartedMovement=(Delta=(X=1500.000000,Y=1000.000000),Duration=0.100000,UsePhysicsLaunch=True),Damage=3.000000,SpecialGenerated=4.000000,StunLength=1.000000,SFX=(ParticleSystem=ParticleSystem'/Game/Assets/Characters/Shared/Effects/Characters_Shared_VFX_HITFX2_SMALL_Ver1.Characters_Shared_VFX_HITFX2_SMALL_Ver1',SoundCue=SoundCue'/Game/Assets/Sound/char_all_sfx_mediumhit_Cue.char_all_sfx_mediumhit_Cue'),HitstopAmount=0.170000),DefenderBlock=(ImpartedMovement=(Delta=(X=50.000000,Y=0.000000),Duration=0.100000),Damage=1.000000,StunLength=0.150000,SFX=(ParticleSystem=ParticleSystem'/Game/Assets/Characters/Shared/Effects/Character_Shared_VFX_SheildHitFX.Character_Shared_VFX_SheildHitFX')),SFX=(ParticleSystem=ParticleSystem'/Game/Assets/Characters/Classical/Particles/Characters_class_Swipe05_ver1.Characters_class_Swipe05_ver1',SoundCue=SoundCue'/Game/Assets/Sound/toBeReplaced/snd_se_Ryu_Swing_Punch_s_Cue.snd_se_Ryu_Swing_Punch_s_Cue'),AnimName=""BackAttack""),(Duration=0.230000,Winddown=1.500000,AttackerMovement=(Delta=(X=-900.000000,Y=800.000000),Duration=0.230000,UsePhysicsLaunch=True),Hitbox=(RPSCategory=RPS_Attack)))",""
MaestraForwardAttack,"(Any=False,Light=False,LightForward=True,LightBack=False,LightCrouch=False,Medium=False,MediumCrouch=False,Heavy=False,HeavyCrouch=False,Special1=False,Special2=False,Special3=False,Super=False,Jump=False,Block=False,DashForward=False,DashBackward=False)","True","(Standing=FE_Allowed,Crouching=FE_Allowed,Jumping=FE_Allowed)","0.000000","0.500000","((Windup=0.065000,Duration=0.010000,Winddown=0.500000,AttackerMovement=(Delta=(X=70.000000,Y=0.000000),Duration=0.100000),IsHitboxActive=True,Hitbox=(Origin=(X=90.000000,Y=-100.000000),End=(X=90.000000,Y=130.000000),Radius=45.000000,RPSCategory=RPS_Attack),DefenderHit=(bKnocksDown=True,ImpartedMovement=(Delta=(X=200.000000,Y=700.000000),Duration=0.100000,UsePhysicsLaunch=True),Damage=6.000000,SpecialGenerated=8.000000,StunLength=1.000000,SFX=(ParticleSystem=ParticleSystem'/Game/Assets/Characters/Shared/Effects/Characters_Shared_VFX_HITFX2_SMALL_Ver1.Characters_Shared_VFX_HITFX2_SMALL_Ver1',SoundCue=SoundCue'/Game/Assets/Sound/char_all_sfx_mediumhi_3hit_Cue.char_all_sfx_mediumhi_3hit_Cue'),HitstopAmount=0.170000),DefenderBlock=(ImpartedMovement=(Delta=(X=50.000000,Y=0.000000),Duration=0.100000),Damage=1.000000,StunLength=0.200000,SFX=(ParticleSystem=ParticleSystem'/Game/Assets/Characters/Shared/Effects/Character_Shared_VFX_SheildHitFX.Character_Shared_VFX_SheildHitFX')),SFX=(ParticleSystem=ParticleSystem'/Game/Assets/Characters/Classical/Particles/Characters_class_Swipe05_ver1.Characters_class_Swipe05_ver1',SoundCue=SoundCue'/Game/Assets/Sound/toBeReplaced/snd_se_Ryu_Swing_Punch_s_Cue.snd_se_Ryu_Swing_Punch_s_Cue'),AnimName=""ForwardAttack""))",""
MaestraForwardAttackOffBeat,"(Any=False,Light=False,LightForward=True,LightBack=False,LightCrouch=False,Medium=False,MediumCrouch=False,Heavy=False,HeavyCrouch=False,Special1=False,Special2=False,Special3=False,Super=False,Jump=False,Block=False,DashForward=False,DashBackward=False)","False","(Standing=FE_Allowed,Crouching=FE_Allowed,Jumping=FE_Allowed)","0.000000","0.500000","((Windup=0.065000,Duration=0.010000,Winddown=1.000000,AttackerMovement=(Delta=(X=70.000000,Y=0.000000),Duration=0.100000),IsHitboxActive=True,Hitbox=(Origin=(X=90.000000,Y=-100.000000),End=(X=90.000000,Y=130.000000),Radius=45.000000,RPSCategory=RPS_Attack),DefenderHit=(bKnocksDown=True,ImpartedMovement=(Delta=(X=900.000000,Y=1300.000000),Duration=0.100000,UsePhysicsLaunch=True),Damage=3.000000,SpecialGenerated=8.000000,StunLength=1.000000,SFX=(ParticleSystem=ParticleSystem'/Game/Assets/Characters/Shared/Effects/OFF-HITS/Characters_Shared_VFX_OffHIT1_Small.Characters_Shared_VFX_OffHIT1_Small',SoundCue=SoundCue'/Game/Assets/Sound/char_classical_sfx_miss3hit_Cue.char_classical_sfx_miss3hit_Cue')),DefenderBlock=(ImpartedMovement=(Delta=(X=50.000000,Y=0.000000),Duration=0.100000),Damage=1.000000,StunLength=0.200000,SFX=(ParticleSystem=ParticleSystem'/Game/Assets/Characters/Shared/Effects/Character_Shared_VFX_SheildHitFX.Character_Shared_VFX_SheildHitFX')),SFX=(ParticleSystem=ParticleSystem'/Game/Assets/Characters/Classical/Particles/Characters_class_Swipe05_OFFBEAT1.Characters_class_Swipe05_OFFBEAT1',SoundCue=SoundCue'/Game/Assets/Sound/toBeReplaced/snd_se_Ryu_Swing_Punch_s_Cue.snd_se_Ryu_Swing_Punch_s_Cue'),AnimName=""ForwardAttack""))",""
MaestraCrouchAttack,"(Any=False,Light=False,LightForward=False,LightBack=False,LightCrouch=True,Medium=False,MediumCrouch=False,Heavy=False,HeavyCrouch=False,Special1=False,Special2=False,Special3=False,Super=False,Jump=False,Block=False,DashForward=False,DashBackward=False)","True","(Standing=FE_Allowed,Crouching=FE_Allowed,Jumping=FE_Allowed)","0.000000","0.500000","((Windup=0.065000,Duration=0.200000,Winddown=0.050000,CrouchAttack=True,AttackerMovement=(Delta=(X=120.000000,Y=0.000000),Duration=0.120000),IsHitboxActive=True,Hitbox=(Origin=(X=-10.000000,Y=-20.000000),End=(X=100.000000,Y=-20.000000),Radius=46.000000,RPSCategory=RPS_Attack),DefenderHit=(ImpartedMovement=(Delta=(X=20.000000,Y=0.000000),Duration=0.100000,InAirLaunchDelta=(X=200.000000,Y=700.000000)),Damage=3.000000,SpecialGenerated=4.000000,StunLength=0.500000,SFX=(ParticleSystem=ParticleSystem'/Game/Assets/Characters/Shared/Effects/Characters_Shared_VFX_HITFX1_SIDEBLOOM.Characters_Shared_VFX_HITFX1_SIDEBLOOM',SoundCue=SoundCue'/Game/Assets/Sound/char_all_sfx_mediumhit_2hit_Cue.char_all_sfx_mediumhit_2hit_Cue'),HitstopAmount=0.170000),DefenderBlock=(Damage=1.000000,StunLength=0.400000,SFX=(ParticleSystem=ParticleSystem'/Game/Assets/Characters/Shared/Effects/Character_Shared_VFX_SheildHitFX.Character_Shared_VFX_SheildHitFX')),SFX=(SoundCue=SoundCue'/Game/Assets/Sound/toBeReplaced/snd_se_Ryu_Swing_Punch_s_Cue.snd_se_Ryu_Swing_Punch_s_Cue'),AnimName=""CrouchingAttack""))","((DataTable=DataTable'/Game/Data/MoveDataTable.MoveDataTable',RowName=""MaestraCrouchAttack2""),(DataTable=DataTable'/Game/Data/MoveDataTable.MoveDataTable',RowName=""MaestraCrouchAttackOffBeat2""))"
MaestraCrouchAttackOffBeat,"(Any=False,Light=False,LightForward=False,LightBack=False,LightCrouch=True,Medium=False,MediumCrouch=False,Heavy=False,HeavyCrouch=False,Special1=False,Special2=False,Special3=False,Super=False,Jump=False,Block=False,DashForward=False,DashBackward=False)","False","(Standing=FE_Allowed,Crouching=FE_Allowed,Jumping=FE_Allowed)","0.000000","0.500000","((Windup=0.065000,Duration=0.200000,Winddown=0.050000,CrouchAttack=True,AttackerMovement=(Delta=(X=20.000000,Y=0.000000),Duration=0.120000),IsHitboxActive=True,Hitbox=(Origin=(X=-10.000000,Y=-40.000000),End=(X=100.000000,Y=-40.000000),Radius=30.000000,RPSCategory=RPS_Attack),DefenderHit=(ImpartedMovement=(Delta=(X=50.000000,Y=0.000000),Duration=0.100000,InAirLaunchDelta=(X=300.000000,Y=400.000000)),Damage=3.000000,SpecialGenerated=4.000000,StunLength=0.500000,SFX=(ParticleSystem=ParticleSystem'/Game/Assets/Characters/Shared/Effects/OFF-HITS/Characters_Shared_VFX_OffHIT1_Small.Characters_Shared_VFX_OffHIT1_Small',SoundCue=SoundCue'/Game/Assets/Sound/char_classical_sfx_miss2hit_Cue.char_classical_sfx_miss2hit_Cue'),HitstopAmount=0.170000),DefenderBlock=(Damage=1.000000,StunLength=0.400000,SFX=(ParticleSystem=ParticleSystem'/Game/Assets/Characters/Shared/Effects/Character_Shared_VFX_SheildHitFX.Character_Shared_VFX_SheildHitFX')),SFX=(SoundCue=SoundCue'/Game/Assets/Sound/toBeReplaced/snd_se_Ryu_Swing_Punch_s_Cue.snd_se_Ryu_Swing_Punch_s_Cue'),AnimName=""CrouchingAttack""))","((DataTable=DataTable'/Game/Data/MoveDataTable.MoveDataTable',RowName=""MaestraCrouchAttack2""),(DataTable=DataTable'/Game/Data/MoveDataTable.MoveDataTable',RowName=""MaestraCrouchAttackOffBeat2""))"
MaestraCrouchAttack2,"(Any=False,Light=False,LightForward=False,LightBack=False,LightCrouch=True,Medium=False,MediumCrouch=False,Heavy=False,HeavyCrouch=False,Special1=False,Special2=False,Special3=False,Super=False,Jump=False,Block=False,DashForward=False,DashBackward=False)","True","(Standing=FE_Allowed,Crouching=FE_Allowed,Jumping=FE_Allowed)","0.000000","0.000000","((Windup=0.065000,AttackerMovement=(Delta=(X=-20.000000,Y=0.000000)),Hitbox=(End=(X=130.000000,Y=0.000000),RPSCategory=RPS_Attack),DefenderHit=(SFX=(ParticleSystem=ParticleSystem'/Game/Assets/Characters/Shared/Effects/Characters_Shared_VFX_HITFX2_SMALL_Ver1.Characters_Shared_VFX_HITFX2_SMALL_Ver1')),AnimName=""BackAttack""),(Windup=0.065000,Duration=0.200000,Winddown=0.230000,AttackerMovement=(Duration=0.100000),IsHitboxActive=True,Hitbox=(End=(X=100.000000,Y=0.000000),RPSCategory=RPS_Attack),DefenderHit=(ImpartedMovement=(Delta=(X=100.000000,Y=1000.000000),UsePhysicsLaunch=True),Damage=4.000000,SpecialGenerated=2.000000,StunLength=0.500000,SFX=(SoundCue=SoundCue'/Game/Assets/Sound/char_all_sfx_mediumhit_2hit_Cue.char_all_sfx_mediumhit_2hit_Cue'),HitstopAmount=0.170000),SFX=(SoundCue=SoundCue'/Game/Assets/Sound/toBeReplaced/snd_se_Ryu_Swing_Punch_s_Cue.snd_se_Ryu_Swing_Punch_s_Cue')),(AttackerMovement=(Delta=(X=-50.000000,Y=0.000000),Duration=0.100000),Hitbox=(RPSCategory=RPS_Attack)))",""
MaestraCrouchAttackOffBeat2,"(Any=False,Light=False,LightForward=False,LightBack=False,LightCrouch=True,Medium=False,MediumCrouch=False,Heavy=False,HeavyCrouch=False,Special1=False,Special2=False,Special3=False,Super=False,Jump=False,Block=False,DashForward=False,DashBackward=False)","False","(Standing=FE_Allowed,Crouching=FE_Allowed,Jumping=FE_Allowed)","0.000000","0.000000","((Windup=0.065000,AttackerMovement=(Delta=(X=-20.000000,Y=0.000000)),Hitbox=(End=(X=100.000000,Y=0.000000),RPSCategory=RPS_Attack),DefenderHit=(SFX=(ParticleSystem=ParticleSystem'/Game/Assets/Characters/Shared/Effects/OFF-HITS/Characters_Shared_VFX_OffHIT1_Small.Characters_Shared_VFX_OffHIT1_Small')),AnimName=""BackAttack""),(Windup=0.065000,Duration=0.200000,Winddown=0.230000,AttackerMovement=(Delta=(X=-50.000000,Y=0.000000),Duration=0.100000),IsHitboxActive=True,Hitbox=(End=(X=100.000000,Y=0.000000),RPSCategory=RPS_Attack),DefenderHit=(ImpartedMovement=(Delta=(X=100.000000,Y=1300.000000),UsePhysicsLaunch=True),Damage=4.000000,SpecialGenerated=2.000000,StunLength=0.500000,SFX=(SoundCue=SoundCue'/Game/Assets/Sound/char_classical_sfx_miss2hit_Cue.char_classical_sfx_miss2hit_Cue')),SFX=(SoundCue=SoundCue'/Game/Assets/Sound/toBeReplaced/snd_se_Ryu_Swing_Punch_s_Cue.snd_se_Ryu_Swing_Punch_s_Cue')))",""
MaestraAirAttackOnBeat,"(Any=False,Light=False,LightForward=False,LightBack=False,LightCrouch=False,Medium=False,MediumCrouch=False,Heavy=False,HeavyCrouch=False,Special1=False,Special2=False,Special3=False,Super=False,Jump=False,Block=False,DashForward=False,DashBackward=False)","True","(Standing=FE_Allowed,Crouching=FE_Allowed,Jumping=FE_Required)","0.000000","0.500000","((Windup=0.065000,Hitbox=(RPSCategory=RPS_Attack)),(Duration=0.200000,Winddown=10.000000,AttackerMovement=(Delta=(X=1600.000000,Y=-1000.000000),Duration=0.200000,UsePhysicsLaunch=True),IsHitboxActive=True,Hitbox=(Origin=(X=0.000000,Y=-50.000000),End=(X=80.000000,Y=-50.000000),Radius=40.000000,RPSCategory=RPS_Attack),DefenderHit=(ImpartedMovement=(Delta=(X=50.000000,Y=0.000000),Duration=0.100000,InAirLaunchDelta=(X=300.000000,Y=800.000000)),Damage=4.000000,SpecialGenerated=4.000000,StunLength=1.000000,SFX=(SoundCue=SoundCue'/Game/Assets/Sound/char_all_sfx_mediumhit_Cue.char_all_sfx_mediumhit_Cue'),HitstopAmount=0.070000),DefenderBlock=(Damage=1.000000,StunLength=0.130000),SFX=(SoundCue=SoundCue'/Game/Assets/Sound/toBeReplaced/snd_se_Ryu_Swing_Punch_s_Cue.snd_se_Ryu_Swing_Punch_s_Cue'),LandingEndsWindow=True,LandingInterrupts=True,AnimName=""AerialAttack""))",""
MaestraAirAttackOffBeat,"(Any=False,Light=False,LightForward=False,LightBack=False,LightCrouch=False,Medium=False,MediumCrouch=False,Heavy=False,HeavyCrouch=False,Special1=False,Special2=False,Special3=False,Super=False,Jump=False,Block=False,DashForward=False,DashBackward=False)","False","(Standing=FE_Allowed,Crouching=FE_Allowed,Jumping=FE_Required)","0.000000","0.500000","((Windup=0.065000,Duration=0.200000,Winddown=10.000000,AttackerMovement=(Delta=(X=1200.000000,Y=-1800.000000),Duration=0.200000,UseDeltaAsSpeed=True),IsHitboxActive=True,Hitbox=(Origin=(X=0.000000,Y=-50.000000),End=(X=80.000000,Y=-50.000000),Radius=40.000000,RPSCategory=RPS_Attack),DefenderHit=(ImpartedMovement=(Delta=(X=50.000000,Y=0.000000),Duration=0.100000,InAirLaunchDelta=(X=300.000000,Y=800.000000)),Damage=4.000000,SpecialGenerated=4.000000,StunLength=1.000000,SFX=(SoundCue=SoundCue'/Game/Assets/Sound/char_classical_sfx_miss2hit_Cue.char_classical_sfx_miss2hit_Cue'),HitstopAmount=0.170000),DefenderBlock=(Damage=1.000000,StunLength=0.130000),SFX=(SoundCue=SoundCue'/Game/Assets/Sound/toBeReplaced/snd_se_Ryu_Swing_Punch_s_Cue.snd_se_Ryu_Swing_Punch_s_Cue'),LandingEndsWindow=True,LandingInterrupts=True,AnimName=""AerialAttack""))",""
MaestraGrab,"(Any=False,Light=False,LightForward=False,LightBack=False,LightCrouch=False,Medium=True,MediumCrouch=True,Heavy=False,HeavyCrouch=False,Special1=False,Special2=False,Special3=False,Super=False,Jump=False,Block=False,DashForward=False,DashBackward=False)","True","(Standing=FE_Allowed,Crouching=FE_Allowed,Jumping=FE_Allowed)","0.000000","0.000000","((Windup=0.050000,Duration=0.200000,Winddown=0.230000,AttackerMovement=(Delta=(X=70.000000,Y=0.000000),Duration=0.080000),IsHitboxActive=True,Hitbox=(Origin=(X=-10.000000,Y=-20.000000),End=(X=80.000000,Y=40.000000),RPSCategory=RPS_Grab),DefenderHit=(ImpartedMovement=(Delta=(X=0.000000,Y=10.000000),InAirLaunchDelta=(X=200.000000,Y=500.000000)),StunLength=0.900000,SFX=(ParticleSystem=ParticleSystem'/Game/Assets/Characters/Classical/Particles/Characters_Class_VFX_SwirlHIT.Characters_Class_VFX_SwirlHIT',SoundCue=SoundCue'/Game/Assets/Sound/char_all_sfx_mediumhit_Cue.char_all_sfx_mediumhit_Cue'),HitstopAmount=0.170000),DefenderBlock=(ImpartedMovement=(Delta=(X=50.000000,Y=0.000000),Duration=0.100000),Damage=1.000000,StunLength=0.150000,SFX=(ParticleSystem=ParticleSystem'/Game/Assets/Characters/Shared/Effects/Character_Shared_VFX_SheildHitFX.Character_Shared_VFX_SheildHitFX')),SFX=(ParticleSystem=ParticleSystem'/Game/Assets/Characters/Shared/Effects/Character_Shared_VFX_Recover2_1.Character_Shared_VFX_Recover2_1',SoundCue=SoundCue'/Game/Assets/Sound/toBeReplaced/snd_se_Ryu_Swing_Punch_s_Cue.snd_se_Ryu_Swing_Punch_s_Cue'),AnimName=""Grab"",IgnoreCollisions=True,Grab=True),(RequiresLastWindowHit=True,Windup=0.520000,Duration=0.200000,Winddown=0.750000,AttackerMovement=(Delta=(X=-100.000000,Y=0.000000),Duration=0.400000),Hitbox=(Origin=(X=-10.000000,Y=40.000000),End=(X=250.000000,Y=-40.000000),RPSCategory=RPS_Grab),DefenderHit=(ImpartedMovement=(InAirLaunchDelta=(X=200.000000,Y=500.000000)),SpecialGenerated=2.000000,StunLength=0.500000),DefenderBlock=(ImpartedMovement=(Delta=(X=50.000000,Y=0.000000),Duration=0.100000),Damage=1.000000,StunLength=0.150000,SFX=(ParticleSystem=ParticleSystem'/Game/Assets/Characters/Shared/Effects/Character_Shared_VFX_SheildHitFX.Character_Shared_VFX_SheildHitFX')),SFX=(ParticleSystem=ParticleSystem'/Game/Assets/Characters/Shared/Effects/char_shared_VFX_groundSmash_v1.char_shared_VFX_groundSmash_v1',SoundCue=SoundCue'/Game/Assets/Sound/char_all_sfx_mediumhi_3hit_Cue.char_all_sfx_mediumhi_3hit_Cue'),AnimName=""GrabConnect"",Grab=True),(Duration=0.100000,Winddown=0.500000,AttackerMovement=(Delta=(X=-70.000000,Y=0.000000),Duration=0.100000),IsHitboxActive=True,Hitbox=(Origin=(X=-10.000000,Y=40.000000),End=(X=250.000000,Y=120.000000),RPSCategory=RPS_Grab),DefenderHit=(bKnocksDown=True,ImpartedMovement=(Delta=(X=-1500.000000,Y=900.000000),Duration=0.100000,UsePhysicsLaunch=True,InAirLaunchDelta=(X=200.000000,Y=500.000000)),Damage=20.000000,SpecialGenerated=4.000000,StunLength=1.000000,SFX=(SoundCue=SoundCue'/Game/Assets/Sound/char_all_sfx_mediumhit_Cue.char_all_sfx_mediumhit_Cue')),DefenderBlock=(ImpartedMovement=(Delta=(X=50.000000,Y=0.000000),Duration=0.100000),Damage=1.000000,StunLength=0.150000,SFX=(ParticleSystem=ParticleSystem'/Game/Assets/Characters/Shared/Effects/Character_Shared_VFX_SheildHitFX.Character_Shared_VFX_SheildHitFX')),SFX=(ParticleSystem=ParticleSystem'/Game/Assets/Characters/Shared/Effects/char_shared_VFX_groundSmash_v1.char_shared_VFX_groundSmash_v1',SoundCue=SoundCue'/Game/Assets/Sound/toBeReplaced/snd_se_Ryu_Swing_Punch_s_Cue.snd_se_Ryu_Swing_Punch_s_Cue'),IgnoreCollisions=True))",""
MaestraOffBeatGrab,"(Any=False,Light=False,LightForward=False,LightBack=False,LightCrouch=False,Medium=True,MediumCrouch=True,Heavy=False,HeavyCrouch=False,Special1=False,Special2=False,Special3=False,Super=False,Jump=False,Block=False,DashForward=False,DashBackward=False)","False","(Standing=FE_Allowed,Crouching=FE_Allowed,Jumping=FE_Prohibited)","0.000000","0.500000","((Windup=0.065000,Duration=0.200000,Winddown=0.230000,AttackerMovement=(Duration=0.100000),IsHitboxActive=True,Hitbox=(Origin=(X=-10.000000,Y=0.000000),End=(X=110.000000,Y=0.000000),Radius=10.000000,RPSCategory=RPS_Grab),DefenderHit=(ImpartedMovement=(Duration=0.100000,InAirLaunchDelta=(X=200.000000,Y=500.000000)),Damage=10.000000,SpecialGenerated=4.000000,StunLength=1.000000,SFX=(ParticleSystem=ParticleSystem'/Game/Assets/Characters/Shared/Effects/Characters_Shared_VFX_HITFX2_SMALL_Ver1.Characters_Shared_VFX_HITFX2_SMALL_Ver1',SoundCue=SoundCue'/Game/Assets/Sound/char_classical_sfx_miss_Cue1.char_classical_sfx_miss_Cue1'),HitstopAmount=0.170000),DefenderBlock=(ImpartedMovement=(Delta=(X=50.000000,Y=0.000000),Duration=0.100000),Damage=1.000000,StunLength=0.150000,SFX=(ParticleSystem=ParticleSystem'/Game/Assets/Characters/Shared/Effects/Character_Shared_VFX_SheildHitFX.Character_Shared_VFX_SheildHitFX')),SFX=(ParticleSystem=ParticleSystem'/Game/Assets/Characters/Shared/Effects/Character_Shared_VFX_Recover2_1.Character_Shared_VFX_Recover2_1',SoundCue=SoundCue'/Game/Assets/Sound/toBeReplaced/snd_se_Ryu_Swing_Punch_s_Cue.snd_se_Ryu_Swing_Punch_s_Cue'),AnimName=""Grab""),(RequiresLastWindowHit=True,Windup=0.570000,Duration=0.200000,Winddown=0.230000,IsHitboxActive=True,Hitbox=(End=(X=100.000000,Y=0.000000)),DefenderHit=(bKnocksDown=True,ImpartedMovement=(Delta=(X=400.000000,Y=1000.000000),UsePhysicsLaunch=True),SFX=(SoundCue=SoundCue'/Game/Assets/Sound/char_classical_sfx_miss_Cue1.char_classical_sfx_miss_Cue1')),AnimName=""GrabConnectOffbeat"",IgnoreCollisions=True),(AttackerMovement=(Delta=(X=-50.000000,Y=0.000000),Duration=0.100000)))",""
MaestraParry,"(Any=False,Light=False,LightForward=False,LightBack=False,LightCrouch=False,Medium=False,MediumCrouch=False,Heavy=False,HeavyCrouch=False,Special1=False,Special2=False,Special3=False,Super=False,Jump=False,Block=True,DashForward=False,DashBackward=False)","True","(Standing=FE_Allowed,Crouching=FE_Allowed,Jumping=FE_Allowed)","0.000000","0.000000","((Windup=0.065000,Duration=0.200000,Winddown=0.200000,IsHitboxActive=True,Hitbox=(Origin=(X=500.000000,Y=0.000000),End=(X=600.000000,Y=0.000000),Radius=90.000000,RPSCategory=RPS_Block)))",""
MaestraParryCounter,"(Any=False,Light=False,LightForward=False,LightBack=False,LightCrouch=False,Medium=False,MediumCrouch=False,Heavy=False,HeavyCrouch=False,Special1=False,Special2=False,Special3=False,Super=False,Jump=False,Block=False,DashForward=False,DashBackward=False)","False","(Standing=FE_Allowed,Crouching=FE_Allowed,Jumping=FE_Allowed)","0.000000","0.000000","((Windup=0.010000,Duration=1.500000,AttackerMovement=(Delta=(X=50.000000,Y=0.000000),Duration=0.100000),IsHitboxActive=True,Hitbox=(End=(X=200.000000,Y=0.000000),Radius=45.000000,RPSCategory=RPS_Attack),DefenderHit=(bKnocksDown=True,ImpartedMovement=(Delta=(X=1500.000000,Y=900.000000),UsePhysicsLaunch=True),Damage=20.000000,StunLength=1.500000,SFX=(ParticleSystem=ParticleSystem'/Game/Assets/Characters/Shared/Effects/Characters_Shared_VFX_HIT6__ROTATION1.Characters_Shared_VFX_HIT6__ROTATION1',SoundCue=SoundCue'/Game/Assets/Sound/char_all_sfx_mediumhit_Cue.char_all_sfx_mediumhit_Cue')),AnimName=""Parry"",Invincibility=True))",""
MaestraDashForward,"(Any=False,Light=False,LightForward=False,LightBack=False,LightCrouch=False,Medium=False,MediumCrouch=False,Heavy=False,HeavyCrouch=False,Special1=False,Special2=False,Special3=False,Super=False,Jump=False,Block=False,DashForward=True,DashBackward=False)","False","(Standing=FE_Allowed,Crouching=FE_Allowed,Jumping=FE_Allowed)","0.000000","0.500000","((Windup=0.100000,AnimName=""DashForward""),(Duration=0.400000,AttackerMovement=(Delta=(X=300.000000,Y=0.000000),Duration=0.400000,InAirLaunchDelta=(X=600.000000,Y=800.000000)),SFX=(SoundCue=SoundCue'/Game/Assets/Sound/toBeReplaced/snd_se_Ryu_Dash_start_Cue.snd_se_Ryu_Dash_start_Cue'),AnimName=""DashForward""))",""
MeastraDashBackward,"(Any=False,Light=False,LightForward=False,LightBack=False,LightCrouch=False,Medium=False,MediumCrouch=False,Heavy=False,HeavyCrouch=False,Special1=False,Special2=False,Special3=False,Super=False,Jump=False,Block=False,DashForward=False,DashBackward=True)","False","(Standing=FE_Allowed,Crouching=FE_Allowed,Jumping=FE_Allowed)","0.000000","0.500000","((Windup=0.100000,AnimName=""DashBackward"",IgnoreCollisions=True),(Duration=0.400000,AttackerMovement=(Delta=(X=-800.000000,Y=400.000000),Duration=0.400000,UsePhysicsLaunch=True),SFX=(SoundCue=SoundCue'/Game/Assets/Sound/toBeReplaced/snd_se_Ryu_Dash_start_Cue.snd_se_Ryu_Dash_start_Cue'),AnimName=""DashBackward"",IgnoreCollisions=True))",""
MaestraAttackFinish,"(Any=False,Light=False,LightForward=False,LightBack=False,LightCrouch=False,Medium=False,MediumCrouch=False,Heavy=False,HeavyCrouch=False,Special1=False,Special2=True,Special3=False,Super=False,Jump=False,Block=False,DashForward=False,DashBackward=False)","True","(Standing=FE_Allowed,Crouching=FE_Allowed,Jumping=FE_Allowed)","0.000000","0.000000","((Duration=1.000000,AttackerMovement=(UsePhysicsLaunch=True),IsHitboxActive=True,Hitbox=(Origin=(X=50.000000,Y=20.000000),End=(X=150.000000,Y=20.000000)),DefenderHit=(bKnocksDown=True,ImpartedMovement=(Delta=(X=100.000000,Y=700.000000),UsePhysicsLaunch=True),SFX=(ParticleSystem=ParticleSystem'/Game/Assets/Characters/Shared/Effects/Characters_Shared_VFX_HIT6__ROTATION1.Characters_Shared_VFX_HIT6__ROTATION1',SoundCue=SoundCue'/Game/Assets/Sound/char_all_sfx_mediumhi_3hit_Cue.char_all_sfx_mediumhi_3hit_Cue'),HitstopAmount=0.170000),SFX=(ParticleSystem=ParticleSystem'/Game/Assets/Characters/Classical/Particles/Character_class_VFX_Special2_ver3.Character_class_VFX_Special2_ver3'),AnimName=""Special2""),(Duration=1.000000,IsHitboxActive=True,Hitbox=(Origin=(X=50.000000,Y=20.000000),End=(X=250.000000,Y=100.000000)),DefenderHit=(bKnocksDown=True,ImpartedMovement=(Delta=(X=800.000000,Y=1400.000000),UsePhysicsLaunch=True),Damage=5.000000,SFX=(ParticleSystem=ParticleSystem'/Game/Assets/Characters/Shared/Effects/Characters_Shared_VFX_HIT6__ROTATION1.Characters_Shared_VFX_HIT6__ROTATION1',SoundCue=SoundCue'/Game/Assets/Sound/char_all_sfx_mediumhit_Cue.char_all_sfx_mediumhit_Cue'),HitstopAmount=0.170000),AnimName=""Special2FinalHit""))",""
MaestraSuperAttack,"(Any=False,Light=False,LightForward=False,LightBack=False,LightCrouch=False,Medium=False,MediumCrouch=False,Heavy=False,HeavyCrouch=False,Special1=False,Special2=False,Special3=False,Super=True,Jump=False,Block=False,DashForward=False,DashBackward=False)","False","(Standing=FE_Required,Crouching=FE_Allowed,Jumping=FE_Allowed)","100.000000","0.500000","((Duration=2.500000,AnimName=""SuperWindup""),(Windup=0.065000,Duration=0.050000,Winddown=0.370000,AttackerMovement=(Delta=(X=300.000000,Y=0.000000),Duration=0.200000),IsHitboxActive=True,Hitbox=(Origin=(X=70.000000,Y=-100.000000),End=(X=70.000000,Y=130.000000),Radius=45.000000),IsGravityScaled=True,DefenderHit=(ImpartedMovement=(Duration=0.120000),StunLength=1.000000,SFX=(ParticleSystem=ParticleSystem'/Game/Assets/Characters/Shared/Effects/Characters_shared_MAT_SuperHIT2_ver1.Characters_shared_MAT_SuperHIT2_ver1',SoundCue=SoundCue'/Game/Assets/Sound/toBeReplaced/snd_se_Ryu_Hit_Punch_l_Cue.snd_se_Ryu_Hit_Punch_l_Cue')),DefenderBlock=(Damage=1.000000,StunLength=0.400000,SFX=(ParticleSystem=ParticleSystem'/Game/Assets/Characters/Shared/Effects/Character_Shared_VFX_SheildHitFX.Character_Shared_VFX_SheildHitFX')),AnimName=""Super""),(RequiresLastWindowHit=True,Windup=0.130000,Duration=0.050000,AttackerMovement=(UsePhysicsLaunch=True),IsHitboxActive=True,Hitbox=(Origin=(X=70.000000,Y=-100.000000),End=(X=70.000000,Y=130.000000),Radius=90.000000),IsGravityScaled=True,DefenderHit=(ImpartedMovement=(Duration=0.100000),StunLength=1.000000,SFX=(ParticleSystem=ParticleSystem'/Game/Assets/Characters/Shared/Effects/Characters_shared_MAT_SuperHIT2_ver1.Characters_shared_MAT_SuperHIT2_ver1'),HitstopAmount=0.170000),DefenderBlock=(SFX=(ParticleSystem=ParticleSystem'/Game/Assets/Characters/Shared/Effects/Character_Shared_VFX_SheildHitFX.Character_Shared_VFX_SheildHitFX')),SFX=(ParticleSystem=ParticleSystem'/Game/Assets/Characters/Classical/Particles/Characters_Class_VFX_SUPER_ver3.Characters_Class_VFX_SUPER_ver3',SoundCue=SoundCue'/Game/Assets/Sound/toBeReplaced/violin_super__vivaldi_summer__Cue.violin_super__vivaldi_summer__Cue'),AnimName=""Super2""),(Windup=0.130000,Duration=0.050000,AttackerMovement=(Duration=0.100000,UsePhysicsLaunch=True),IsHitboxActive=True,Hitbox=(Origin=(X=70.000000,Y=-100.000000),End=(X=70.000000,Y=130.000000),Radius=90.000000),IsGravityScaled=True,DefenderHit=(ImpartedMovement=(Duration=0.100000),StunLength=1.000000,SFX=(ParticleSystem=ParticleSystem'/Game/Assets/Characters/Shared/Effects/Characters_shared_MAT_SuperHIT2_ver1.Characters_shared_MAT_SuperHIT2_ver1'),HitstopAmount=0.170000),DefenderBlock=(SFX=(ParticleSystem=ParticleSystem'/Game/Assets/Characters/Shared/Effects/Character_Shared_VFX_SheildHitFX.Character_Shared_VFX_SheildHitFX')),AnimName=""Super3""),(Windup=0.130000,Duration=0.050000,AttackerMovement=(Duration=0.100000,UsePhysicsLaunch=True),IsHitboxActive=True,Hitbox=(Origin=(X=70.000000,Y=-100.000000),End=(X=70.000000,Y=130.000000),Radius=90.000000),IsGravityScaled=True,DefenderHit=(ImpartedMovement=(Duration=0.100000),StunLength=1.000000,SFX=(ParticleSystem=ParticleSystem'/Game/Assets/Characters/Shared/Effects/Characters_Shared_VFX_HIT5_SUPER_Betweens.Characters_Shared_VFX_HIT5_SUPER_Betweens'),HitstopAmount=0.170000),DefenderBlock=(SFX=(ParticleSystem=ParticleSystem'/Game/Assets/Characters/Shared/Effects/Character_Shared_VFX_SheildHitFX.Character_Shared_VFX_SheildHitFX')),AnimName=""Super3""),(Windup=0.130000,Duration=0.050000,Winddown=0.200000,AttackerMovement=(Duration=0.100000,UsePhysicsLaunch=True),IsHitboxActive=True,Hitbox=(Origin=(X=70.000000,Y=-100.000000),End=(X=70.000000,Y=130.000000),Radius=90.000000),IsGravityScaled=True,DefenderHit=(ImpartedMovement=(Duration=0.100000),StunLength=1.000000,SFX=(ParticleSystem=ParticleSystem'/Game/Assets/Characters/Shared/Effects/Characters_shared_MAT_SuperHIT2_ver1.Characters_shared_MAT_SuperHIT2_ver1'),HitstopAmount=0.170000),DefenderBlock=(SFX=(ParticleSystem=ParticleSystem'/Game/Assets/Characters/Shared/Effects/Character_Shared_VFX_SheildHitFX.Character_Shared_VFX_SheildHitFX')),AnimName=""Super4""),(Windup=0.130000,Duration=0.050000,AttackerMovement=(Duration=0.100000,UsePhysicsLaunch=True),IsHitboxActive=True,Hitbox=(Origin=(X=70.000000,Y=-100.000000),End=(X=70.000000,Y=130.000000),Radius=90.000000),IsGravityScaled=True,DefenderHit=(ImpartedMovement=(Duration=0.100000,UsePhysicsLaunch=True),StunLength=1.000000,SFX=(ParticleSystem=ParticleSystem'/Game/Assets/Characters/Shared/Effects/Characters_shared_MAT_SuperHIT2_ver1.Characters_shared_MAT_SuperHIT2_ver1'),HitstopAmount=0.170000),DefenderBlock=(SFX=(ParticleSystem=ParticleSystem'/Game/Assets/Characters/Shared/Effects/Character_Shared_VFX_SheildHitFX.Character_Shared_VFX_SheildHitFX')),AnimName=""Super5""),(Windup=0.130000,Duration=0.050000,AttackerMovement=(Duration=0.100000,UsePhysicsLaunch=True),IsHitboxActive=True,Hitbox=(Origin=(X=70.000000,Y=-100.000000),End=(X=70.000000,Y=130.000000),Radius=90.000000),IsGravityScaled=True,DefenderHit=(ImpartedMovement=(Duration=0.100000),StunLength=1.000000,SFX=(ParticleSystem=ParticleSystem'/Game/Assets/Characters/Shared/Effects/Characters_shared_MAT_SuperHIT2_ver1.Characters_shared_MAT_SuperHIT2_ver1'),HitstopAmount=0.170000),DefenderBlock=(SFX=(ParticleSystem=ParticleSystem'/Game/Assets/Characters/Shared/Effects/Character_Shared_VFX_SheildHitFX.Character_Shared_VFX_SheildHitFX')),AnimName=""Super6""),(Windup=0.200000,Duration=0.050000,Winddown=0.200000,AttackerMovement=(Duration=0.100000,UsePhysicsLaunch=True),IsHitboxActive=True,Hitbox=(Origin=(X=70.000000,Y=-100.000000),End=(X=70.000000,Y=130.000000),Radius=90.000000),IsGravityScaled=True,DefenderHit=(ImpartedMovement=(Duration=0.100000),StunLength=1.000000,SFX=(ParticleSystem=ParticleSystem'/Game/Assets/Characters/Shared/Effects/Characters_shared_MAT_SuperHIT2_ver1.Characters_shared_MAT_SuperHIT2_ver1'),HitstopAmount=0.170000),DefenderBlock=(SFX=(ParticleSystem=ParticleSystem'/Game/Assets/Characters/Shared/Effects/Character_Shared_VFX_SheildHitFX.Character_Shared_VFX_SheildHitFX')),AnimName=""Super7""),(Windup=0.200000,Duration=0.050000,Winddown=0.200000,AttackerMovement=(Duration=0.100000,UsePhysicsLaunch=True),IsHitboxActive=True,Hitbox=(Origin=(X=70.000000,Y=-100.000000),End=(X=70.000000,Y=130.000000),Radius=90.000000),IsGravityScaled=True,DefenderHit=(ImpartedMovement=(Duration=0.100000),StunLength=1.000000,SFX=(ParticleSystem=ParticleSystem'/Game/Assets/Characters/Shared/Effects/Characters_shared_MAT_SuperHIT2_ver1.Characters_shared_MAT_SuperHIT2_ver1'),HitstopAmount=0.170000),DefenderBlock=(SFX=(ParticleSystem=ParticleSystem'/Game/Assets/Characters/Shared/Effects/Character_Shared_VFX_SheildHitFX.Character_Shared_VFX_SheildHitFX')),AnimName=""Super8""),(Windup=0.200000,Duration=0.050000,Winddown=0.200000,AttackerMovement=(Duration=0.100000,UsePhysicsLaunch=True),IsHitboxActive=True,Hitbox=(Origin=(X=70.000000,Y=-100.000000),End=(X=70.000000,Y=130.000000),Radius=90.000000),IsGravityScaled=True,DefenderHit=(ImpartedMovement=(Duration=0.100000),StunLength=1.000000,SFX=(ParticleSystem=ParticleSystem'/Game/Assets/Characters/Shared/Effects/Characters_shared_MAT_SuperHIT2_ver1.Characters_shared_MAT_SuperHIT2_ver1'),HitstopAmount=0.170000),DefenderBlock=(SFX=(ParticleSystem=ParticleSystem'/Game/Assets/Characters/Shared/Effects/Character_Shared_VFX_SheildHitFX.Character_Shared_VFX_SheildHitFX')),AnimName=""Super9""),(Windup=0.130000,Duration=0.050000,Winddown=0.200000,AttackerMovement=(Duration=0.100000,UsePhysicsLaunch=True),IsHitboxActive=True,Hitbox=(Origin=(X=70.000000,Y=-100.000000),End=(X=70.000000,Y=130.000000),Radius=90.000000),IsGravityScaled=True,DefenderHit=(bKnocksDown=True,ImpartedMovement=(Delta=(X=1500.000000,Y=2000.000000),Duration=0.100000,UsePhysicsLaunch=True),Damage=40.000000,SFX=(ParticleSystem=ParticleSystem'/Game/Assets/Characters/Shared/Effects/Characters_shared_MAT_SuperHIT2_ver1.Characters_shared_MAT_SuperHIT2_ver1'),HitstopAmount=0.170000),DefenderBlock=(SFX=(ParticleSystem=ParticleSystem'/Game/Assets/Characters/Shared/Effects/Character_Shared_VFX_SheildHitFX.Character_Shared_VFX_SheildHitFX')),AnimName=""Super11""))",""
RiffDefault,"(Any=False,Light=False,LightForward=False,LightBack=False,LightCrouch=False,Medium=False,MediumCrouch=False,Heavy=False,HeavyCrouch=False,Special1=False,Special2=False,Special3=False,Super=False,Jump=False,Block=False,DashForward=False,DashBackward=False)","False","(Standing=FE_Allowed,Crouching=FE_Allowed,Jumping=FE_Allowed)","0.000000","0.500000","","((DataTable=DataTable'/Game/Data/MoveDataTable.MoveDataTable',RowName=""RiffAttack""),(DataTable=DataTable'/Game/Data/MoveDataTable.MoveDataTable',RowName=""RiffGrab""),(DataTable=DataTable'/Game/Data/MoveDataTable.MoveDataTable',RowName=""RiffOffBeatAttack""),(DataTable=DataTable'/Game/Data/MoveDataTable.MoveDataTable',RowName=""RiffOffBeatGrab""),(DataTable=DataTable'/Game/Data/MoveDataTable.MoveDataTable',RowName=""RiffGrab""),(DataTable=DataTable'/Game/Data/MoveDataTable.MoveDataTable',RowName=""RiffOffBeatGrab""),(DataTable=DataTable'/Game/Data/MoveDataTable.MoveDataTable',RowName=""RiffParry""),(DataTable=DataTable'/Game/Data/MoveDataTable.MoveDataTable',RowName=""RiffDashForward""),(DataTable=DataTable'/Game/Data/MoveDataTable.MoveDataTable',RowName=""RiffDashBackward""),(DataTable=DataTable'/Game/Data/MoveDataTable.MoveDataTable',RowName=""RiffForwardAttack""),(DataTable=DataTable'/Game/Data/MoveDataTable.MoveDataTable'),(DataTable=DataTable'/Game/Data/MoveDataTable.MoveDataTable',RowName=""RiffForwardAttackOffbeat""),(DataTable=DataTable'/Game/Data/MoveDataTable.MoveDataTable'),(DataTable=DataTable'/Game/Data/MoveDataTable.MoveDataTable',RowName=""RiffCrouchAttack""),(DataTable=DataTable'/Game/Data/MoveDataTable.MoveDataTable',RowName=""RiffCrouchAttackOffBeat""),(DataTable=DataTable'/Game/Data/MoveDataTable.MoveDataTable',RowName=""RiffAirAttackOnBeat""),(DataTable=DataTable'/Game/Data/MoveDataTable.MoveDataTable',RowName=""RiffAirAttackOffBeat""))"
RiffAttack,"(Any=False,Light=True,LightForward=False,LightBack=True,LightCrouch=False,Medium=False,MediumCrouch=False,Heavy=False,HeavyCrouch=False,Special1=False,Special2=False,Special3=False,Super=False,Jump=False,Block=False,DashForward=False,DashBackward=False)","True","(Standing=FE_Allowed,Crouching=FE_Allowed,Jumping=FE_Prohibited)","0.000000","0.500000","((Windup=0.065000,Duration=0.200000,Winddown=0.230000,AttackerMovement=(Delta=(X=5.000000,Y=0.000000),Duration=0.100000),IsHitboxActive=True,Hitbox=(Origin=(X=-10.000000,Y=0.000000),End=(X=150.000000,Y=0.000000),Radius=45.000000,RPSCategory=RPS_Attack),DefenderHit=(ImpartedMovement=(Delta=(X=50.000000,Y=0.000000),Duration=0.100000,InAirLaunchDelta=(X=200.000000,Y=500.000000)),Damage=3.000000,SpecialGenerated=4.000000,StunLength=1.000000,SFX=(ParticleSystem=ParticleSystem'/Game/Assets/Characters/Rock/Particles/Characters_Rock_VFX_HITRegular.Characters_Rock_VFX_HITRegular',SoundCue=SoundCue'/Game/Assets/Sound/toBeReplaced/We_Will_Rock_You_1_Cue.We_Will_Rock_You_1_Cue'),HitstopAmount=0.200000),DefenderBlock=(ImpartedMovement=(Delta=(X=50.000000,Y=0.000000),Duration=0.100000,InAirLaunchDelta=(X=0.000000,Y=600.000000)),Damage=1.000000,StunLength=0.150000,SFX=(ParticleSystem=ParticleSystem'/Game/Assets/Characters/Shared/Effects/Character_Shared_VFX_SheildHitFX.Character_Shared_VFX_SheildHitFX')),MissSFX=(ParticleSystem=ParticleSystem'/Game/Assets/Characters/Rock/Particles/Characters_Rock_VFX_RegularSwipe.Characters_Rock_VFX_RegularSwipe'),SFX=(ParticleSystem=ParticleSystem'/Game/Assets/Characters/Rock/Particles/Characters_Rock_VFX_RegularSwipe.Characters_Rock_VFX_RegularSwipe',SoundCue=SoundCue'/Game/Assets/Sound/toBeReplaced/snd_se_Ryu_Swing_Punch_s_Cue.snd_se_Ryu_Swing_Punch_s_Cue',RelativeTransform=(Translation=(X=0.000000,Y=100.000000,Z=0.000000))),AnimName=""StandingAttack""))","((DataTable=DataTable'/Game/Data/MoveDataTable.MoveDataTable',RowName=""RiffAttack2""))"
RiffOffBeatAttack,"(Any=False,Light=True,LightForward=False,LightBack=False,LightCrouch=False,Medium=False,MediumCrouch=False,Heavy=False,HeavyCrouch=False,Special1=False,Special2=False,Special3=False,Super=False,Jump=False,Block=False,DashForward=False,DashBackward=False)","False","(Standing=FE_Allowed,Crouching=FE_Allowed,Jumping=FE_Prohibited)","0.000000","0.500000","((Windup=0.065000,Duration=0.200000,Winddown=0.230000,AttackerMovement=(Duration=0.100000),IsHitboxActive=True,Hitbox=(Origin=(X=-10.000000,Y=0.000000),End=(X=130.000000,Y=0.000000),Radius=10.000000,RPSCategory=RPS_Attack),DefenderHit=(ImpartedMovement=(Delta=(X=100.000000,Y=0.000000),Duration=0.100000),Damage=3.000000,SpecialGenerated=4.000000,StunLength=1.000000,SFX=(ParticleSystem=ParticleSystem'/Game/Assets/Characters/Shared/Effects/OFF-HITS/Characters_Shared_VFX_OffHIT1_Small.Characters_Shared_VFX_OffHIT1_Small',SoundCue=SoundCue'/Game/Assets/Sound/char_classical_sfx_miss_Cue1.char_classical_sfx_miss_Cue1')),DefenderBlock=(ImpartedMovement=(Delta=(X=50.000000,Y=0.000000),Duration=0.100000),Damage=1.000000,StunLength=0.150000,SFX=(ParticleSystem=ParticleSystem'/Game/Assets/Characters/Shared/Effects/Character_Shared_VFX_SheildHitFX.Character_Shared_VFX_SheildHitFX')),MissSFX=(ParticleSystem=ParticleSystem'/Game/Assets/Characters/Rock/Particles/Characters_Rock_VFX_RegularOFFBEAT.Characters_Rock_VFX_RegularOFFBEAT'),SFX=(ParticleSystem=ParticleSystem'/Game/Assets/Characters/Rock/Particles/Characters_Rock_VFX_RegularSwipe_OffBeat2.Characters_Rock_VFX_RegularSwipe_OffBeat2',SoundCue=SoundCue'/Game/Assets/Sound/toBeReplaced/snd_se_Ryu_Swing_Punch_s_Cue.snd_se_Ryu_Swing_Punch_s_Cue'),AnimName=""StandingAttack""))",""
RiffAttack2,"(Any=False,Light=True,LightForward=False,LightBack=True,LightCrouch=False,Medium=False,MediumCrouch=False,Heavy=False,HeavyCrouch=False,Special1=False,Special2=False,Special3=False,Super=False,Jump=False,Block=False,DashForward=False,DashBackward=False)","True","(Standing=FE_Allowed,Crouching=FE_Allowed,Jumping=FE_Prohibited)","0.000000","0.500000","((Windup=0.065000,Duration=0.200000,Winddown=0.230000,AttackerMovement=(Delta=(X=15.000000,Y=0.000000),Duration=0.100000),IsHitboxActive=True,Hitbox=(Origin=(X=-10.000000,Y=0.000000),End=(X=150.000000,Y=0.000000),Radius=45.000000,RPSCategory=RPS_Attack),DefenderHit=(ImpartedMovement=(Delta=(X=70.000000,Y=0.000000),Duration=0.100000,InAirLaunchDelta=(X=200.000000,Y=500.000000)),Damage=3.000000,SpecialGenerated=4.000000,StunLength=1.000000,SFX=(ParticleSystem=ParticleSystem'/Game/Assets/Characters/Classical/Particles/Characters_Class_VFX_SwirlHIT.Characters_Class_VFX_SwirlHIT',SoundCue=SoundCue'/Game/Assets/Sound/toBeReplaced/We_Will_Rock_You_1_Cue.We_Will_Rock_You_1_Cue'),HitstopAmount=0.200000),DefenderBlock=(ImpartedMovement=(Delta=(X=50.000000,Y=0.000000),Duration=0.100000,InAirLaunchDelta=(X=0.000000,Y=600.000000)),Damage=1.000000,StunLength=0.150000,SFX=(ParticleSystem=ParticleSystem'/Game/Assets/Characters/Shared/Effects/Character_Shared_VFX_SheildHitFX.Character_Shared_VFX_SheildHitFX')),MissSFX=(ParticleSystem=ParticleSystem'/Game/Assets/Characters/Rock/Particles/Characters_Rock_VFX_RegularSwipe.Characters_Rock_VFX_RegularSwipe'),SFX=(ParticleSystem=ParticleSystem'/Game/Assets/Characters/Rock/Particles/Characters_Rock_VFX_HITRegular.Characters_Rock_VFX_HITRegular',SoundCue=SoundCue'/Game/Assets/Sound/toBeReplaced/snd_se_Ryu_Swing_Punch_s_Cue.snd_se_Ryu_Swing_Punch_s_Cue'),AnimName=""StandingAttack""))","((DataTable=DataTable'/Game/Data/MoveDataTable.MoveDataTable',RowName=""RiffAttack3""))"
RiffAttack3,"(Any=False,Light=True,LightForward=False,LightBack=True,LightCrouch=False,Medium=False,MediumCrouch=False,Heavy=False,HeavyCrouch=False,Special1=False,Special2=False,Special3=False,Super=False,Jump=False,Block=False,DashForward=False,DashBackward=False)","True","(Standing=FE_Allowed,Crouching=FE_Allowed,Jumping=FE_Prohibited)","0.000000","0.500000","((Windup=0.065000,Duration=0.200000,Winddown=1.230000,AttackerMovement=(Delta=(X=600.000000,Y=1100.000000),Duration=0.250000,UsePhysicsLaunch=True),IsHitboxActive=True,Hitbox=(Origin=(X=-10.000000,Y=-120.000000),End=(X=220.000000,Y=0.000000),Radius=40.000000,RPSCategory=RPS_Attack),DefenderHit=(ImpartedMovement=(Delta=(X=600.000000,Y=1400.000000),Duration=0.250000,UsePhysicsLaunch=True),Damage=5.000000,SpecialGenerated=2.000000,StunLength=1.000000,SFX=(ParticleSystem=ParticleSystem'/Game/Assets/Characters/Shared/Effects/Characters_Shared_VFX_HITFX1_SIDEBLOOM.Characters_Shared_VFX_HITFX1_SIDEBLOOM',SoundCue=SoundCue'/Game/Assets/Sound/toBeReplaced/We_Will_Rock_You_2_Cue.We_Will_Rock_You_2_Cue'),HitstopAmount=0.250000),SFX=(ParticleSystem=ParticleSystem'/Game/Assets/Characters/Rock/Particles/Characters_Rock_VFX_LavaHITFX.Characters_Rock_VFX_LavaHITFX',SoundCue=SoundCue'/Game/Assets/Sound/toBeReplaced/snd_se_Ryu_Swing_Punch_l_Cue.snd_se_Ryu_Swing_Punch_l_Cue'),AnimName=""AerialAttack"",IgnoreCollisions=True))",""
RiffForwardAttack,"(Any=False,Light=False,LightForward=True,LightBack=False,LightCrouch=False,Medium=False,MediumCrouch=False,Heavy=False,HeavyCrouch=False,Special1=False,Special2=False,Special3=False,Super=False,Jump=False,Block=False,DashForward=False,DashBackward=False)","True","(Standing=FE_Allowed,Crouching=FE_Allowed,Jumping=FE_Prohibited)","0.000000","1.000000","((Windup=0.065000,Duration=0.200000,Winddown=1.000000,AttackerMovement=(Delta=(X=100.000000,Y=0.000000),Duration=0.100000),IsHitboxActive=True,Hitbox=(Origin=(X=-10.000000,Y=50.000000),End=(X=180.000000,Y=50.000000),Radius=40.000000,RPSCategory=RPS_Attack),DefenderHit=(bKnocksDown=True,ImpartedMovement=(Delta=(X=2500.000000,Y=1200.000000),Duration=0.250000,UsePhysicsLaunch=True),Damage=5.000000,SpecialGenerated=2.000000,StunLength=1.000000,SFX=(ParticleSystem=ParticleSystem'/Game/Assets/Characters/Shared/Effects/Characters_Shared_VFX_HITFX1_SIDEBLOOM.Characters_Shared_VFX_HITFX1_SIDEBLOOM',SoundCue=SoundCue'/Game/Assets/Sound/toBeReplaced/We_Will_Rock_You_2_Cue.We_Will_Rock_You_2_Cue'),HitstopAmount=0.250000),SFX=(ParticleSystem=ParticleSystem'/Game/Assets/Characters/Rock/Particles/Characters_Rock_VFX_LavaHITFX.Characters_Rock_VFX_LavaHITFX',SoundCue=SoundCue'/Game/Assets/Sound/toBeReplaced/snd_se_Ryu_Swing_Punch_l_Cue.snd_se_Ryu_Swing_Punch_l_Cue'),AnimName=""ForwardAttack"",IgnoreCollisions=True))","((DataTable=DataTable'/Game/Data/MoveDataTable.MoveDataTable',RowName=""RiffForwardAttack2""))"
RiffForwardAttackOffbeat,"(Any=False,Light=False,LightForward=True,LightBack=False,LightCrouch=False,Medium=False,MediumCrouch=False,Heavy=False,HeavyCrouch=False,Special1=False,Special2=False,Special3=False,Super=False,Jump=False,Block=False,DashForward=False,DashBackward=False)","False","(Standing=FE_Allowed,Crouching=FE_Allowed,Jumping=FE_Prohibited)","0.000000","0.500000","((Windup=0.065000,Hitbox=(RPSCategory=RPS_Attack),AnimName=""ForwardAttackOffbeat""),(Duration=0.200000,Winddown=1.230000,AttackerMovement=(Delta=(X=15.000000,Y=0.000000),Duration=0.250000),IsHitboxActive=True,Hitbox=(Origin=(X=-10.000000,Y=0.000000),End=(X=120.000000,Y=0.000000),Radius=25.000000,RPSCategory=RPS_Attack),DefenderHit=(ImpartedMovement=(Delta=(X=70.000000,Y=0.000000),Duration=0.100000),Damage=3.000000,SpecialGenerated=2.000000,StunLength=1.000000,SFX=(ParticleSystem=ParticleSystem'/Game/Assets/Characters/Shared/Effects/Characters_Shared_VFX_HITFX1_SIDEBLOOM.Characters_Shared_VFX_HITFX1_SIDEBLOOM',SoundCue=SoundCue'/Game/Assets/Sound/toBeReplaced/We_Will_Rock_You_2_Cue1.We_Will_Rock_You_2_Cue1'),HitstopAmount=0.250000),SFX=(SoundCue=SoundCue'/Game/Assets/Sound/toBeReplaced/snd_se_Ryu_Swing_Punch_l_Cue.snd_se_Ryu_Swing_Punch_l_Cue'),IgnoreCollisions=True))",""
RiffForwardAttack2,"(Any=False,Light=False,LightForward=True,LightBack=False,LightCrouch=False,Medium=False,MediumCrouch=False,Heavy=False,HeavyCrouch=False,Special1=False,Special2=False,Special3=False,Super=False,Jump=False,Block=False,DashForward=False,DashBackward=False)","True","(Standing=FE_Allowed,Crouching=FE_Allowed,Jumping=FE_Allowed)","0.000000","0.000000","((Windup=0.050000,Duration=0.200000,Winddown=0.330000,AttackerMovement=(Delta=(X=600.000000,Y=1000.000000),Duration=0.080000,UsePhysicsLaunch=True),IsHitboxActive=True,Hitbox=(Origin=(X=-10.000000,Y=-50.000000),End=(X=140.000000,Y=-20.000000),Radius=60.000000,RPSCategory=RPS_Grab),DefenderHit=(ImpartedMovement=(Duration=0.100000,InAirLaunchDelta=(X=200.000000,Y=500.000000)),StunLength=0.700000,SFX=(ParticleSystem=ParticleSystem'/Game/Assets/Characters/Classical/Particles/Characters_Class_VFX_SwirlHIT.Characters_Class_VFX_SwirlHIT',SoundCue=SoundCue'/Game/Assets/Sound/char_all_sfx_mediumhit_Cue.char_all_sfx_mediumhit_Cue'),HitstopAmount=0.170000),DefenderBlock=(ImpartedMovement=(Delta=(X=50.000000,Y=0.000000),Duration=0.100000),Damage=1.000000,StunLength=0.150000,SFX=(ParticleSystem=ParticleSystem'/Game/Assets/Characters/Shared/Effects/Character_Shared_VFX_SheildHitFX.Character_Shared_VFX_SheildHitFX')),SFX=(ParticleSystem=ParticleSystem'/Game/Assets/Characters/Shared/Effects/Character_Shared_VFX_Recover2_1.Character_Shared_VFX_Recover2_1',SoundCue=SoundCue'/Game/Assets/Sound/toBeReplaced/snd_se_Ryu_Swing_Punch_s_Cue.snd_se_Ryu_Swing_Punch_s_Cue'),AnimName=""Grab"",Grab=True),(RequiresLastWindowHit=True,Duration=1.400000,AttackerMovement=(Delta=(X=100.000000,Y=1500.000000),Duration=0.400000,UsePhysicsLaunch=True),IsHitboxActive=True,Hitbox=(Origin=(X=-10.000000,Y=40.000000),End=(X=250.000000,Y=-40.000000),RPSCategory=RPS_Grab),IsGravityScaled=True,GravityScale=1.500000,DefenderHit=(Damage=20.000000,SpecialGenerated=2.000000),DefenderBlock=(ImpartedMovement=(Delta=(X=50.000000,Y=0.000000),Duration=0.100000),Damage=1.000000,StunLength=0.150000,SFX=(ParticleSystem=ParticleSystem'/Game/Assets/Characters/Shared/Effects/Character_Shared_VFX_SheildHitFX.Character_Shared_VFX_SheildHitFX')),SFX=(ParticleSystem=ParticleSystem'/Game/Assets/Characters/Shared/Effects/char_shared_VFX_groundSmash_v1.char_shared_VFX_groundSmash_v1',SoundCue=SoundCue'/Game/Assets/Sound/char_all_sfx_mediumhi_3hit_Cue.char_all_sfx_mediumhi_3hit_Cue'),AnimName=""GrabConnect"",IgnoreCollisions=True),(AttackerMovement=(Delta=(X=0.000000,Y=-1000.000000),UsePhysicsLaunch=True),IsHitboxActive=True,Hitbox=(Origin=(X=-500.000000,Y=0.000000),End=(X=500.000000,Y=0.000000),Radius=500.000000),DefenderHit=(bKnocksDown=True,ImpartedMovement=(Delta=(X=1200.000000,Y=1200.000000),UsePhysicsLaunch=True),SFX=(ParticleSystem=ParticleSystem'/Game/Assets/Characters/Rock/Particles/Characters_Rock_VFX_EXPLODE_ver4.Characters_Rock_VFX_EXPLODE_ver4',SoundCue=SoundCue'/Game/Assets/Sound/toBeReplaced/We_Will_Rock_You_2_Cue.We_Will_Rock_You_2_Cue'),HitstopAmount=0.170000),AnimName=""GrabConnect2"",IgnoreCollisions=True))",""
RiffCrouchAttack,"(Any=False,Light=False,LightForward=False,LightBack=False,LightCrouch=True,Medium=False,MediumCrouch=False,Heavy=False,HeavyCrouch=False,Special1=False,Special2=False,Special3=False,Super=False,Jump=False,Block=False,DashForward=False,DashBackward=False)","True","(Standing=FE_Allowed,Crouching=FE_Allowed,Jumping=FE_Allowed)","0.000000","0.000000","((Windup=2.000000,Hitbox=(RPSCategory=RPS_Attack),AnimName=""BackAttack""),(Windup=0.800000,Duration=0.200000,Winddown=0.230000,IsHitboxActive=True,Hitbox=(Origin=(X=-3000.000000,Y=-50.000000),End=(X=3000.000000,Y=-50.000000),RPSCategory=RPS_Attack),DefenderHit=(bKnocksDown=True,ImpartedMovement=(Delta=(X=-100.000000,Y=700.000000),UsePhysicsLaunch=True,InAirLaunchDelta=(X=-100.000000,Y=1200.000000)),Damage=15.000000,HitstopAmount=0.170000),SFX=(ParticleSystem=ParticleSystem'/Game/Assets/Characters/Shared/Effects/char_shared_VFX_groundSmash_v1.char_shared_VFX_groundSmash_v1',SoundCue=SoundCue'/Game/Assets/Sound/toBeReplaced/i-notwang1_Cue.i-notwang1_Cue',RelativeTransform=(Rotation=(X=0.000000,Y=-0.422618,Z=0.000000,W=0.906308),Scale3D=(X=2.000000,Y=2.000000,Z=2.000000))),AnimName=""BackAttackFollowthrough""))",""
RiffCrouchAttackOffBeat,"(Any=False,Light=False,LightForward=False,LightBack=False,LightCrouch=True,Medium=False,MediumCrouch=False,Heavy=False,HeavyCrouch=False,Special1=False,Special2=False,Special3=False,Super=False,Jump=False,Block=False,DashForward=False,DashBackward=False)","False","(Standing=FE_Allowed,Crouching=FE_Allowed,Jumping=FE_Allowed)","0.000000","0.000000","((Windup=2.000000,Hitbox=(RPSCategory=RPS_Attack),AnimName=""BackAttack""),(Windup=0.800000,Duration=0.200000,Winddown=0.230000,IsHitboxActive=True,Hitbox=(Origin=(X=-3000.000000,Y=-50.000000),End=(X=3000.000000,Y=-50.000000),RPSCategory=RPS_Attack),DefenderHit=(bKnocksDown=True,ImpartedMovement=(Delta=(X=-100.000000,Y=900.000000),UsePhysicsLaunch=True,InAirLaunchDelta=(X=-100.000000,Y=1200.000000)),Damage=6.000000),SFX=(ParticleSystem=ParticleSystem'/Game/Assets/Characters/Shared/Effects/char_shared_VFX_groundSmash_v1.char_shared_VFX_groundSmash_v1',SoundCue=SoundCue'/Game/Assets/Sound/toBeReplaced/i-notwang1_Cue1.i-notwang1_Cue1',RelativeTransform=(Rotation=(X=0.000000,Y=-0.422618,Z=0.000000,W=0.906308),Scale3D=(X=2.000000,Y=2.000000,Z=2.000000))),AnimName=""BackAttackFollowthrough""))",""
RiffAirAttackOnBeat,"(Any=False,Light=True,LightForward=True,LightBack=True,LightCrouch=True,Medium=False,MediumCrouch=False,Heavy=False,HeavyCrouch=False,Special1=False,Special2=False,Special3=False,Super=False,Jump=False,Block=False,DashForward=False,DashBackward=False)","True","(Standing=FE_Allowed,Crouching=FE_Allowed,Jumping=FE_Required)","0.000000","0.500000","((Windup=0.065000,Duration=0.200000,Winddown=10.000000,AttackerMovement=(Delta=(X=1200.000000,Y=-1800.000000),Duration=0.200000,UseDeltaAsSpeed=True),IsHitboxActive=True,Hitbox=(Origin=(X=10.000000,Y=-130.000000),End=(X=160.000000,Y=-30.000000),Radius=40.000000,RPSCategory=RPS_Attack),DefenderHit=(ImpartedMovement=(Delta=(X=50.000000,Y=0.000000),Duration=0.100000,InAirLaunchDelta=(X=300.000000,Y=800.000000)),Damage=4.000000,SpecialGenerated=4.000000,StunLength=1.000000,SFX=(SoundCue=SoundCue'/Game/Assets/Sound/char_all_sfx_mediumhit_2hit_Cue.char_all_sfx_mediumhit_2hit_Cue'),HitstopAmount=0.170000),DefenderBlock=(Damage=1.000000,StunLength=0.130000),LandingEndsWindow=True,LandingInterrupts=True,AnimName=""AerialAttack""))",""
RiffAirAttackOffBeat,"(Any=False,Light=True,LightForward=True,LightBack=True,LightCrouch=True,Medium=False,MediumCrouch=False,Heavy=False,HeavyCrouch=False,Special1=False,Special2=False,Special3=False,Super=False,Jump=False,Block=False,DashForward=False,DashBackward=False)","False","(Standing=FE_Allowed,Crouching=FE_Allowed,Jumping=FE_Required)","0.000000","0.500000","((Windup=0.065000,Duration=0.200000,Winddown=10.000000,AttackerMovement=(Delta=(X=1200.000000,Y=-1800.000000),Duration=0.200000,UseDeltaAsSpeed=True),IsHitboxActive=True,Hitbox=(Origin=(X=10.000000,Y=-130.000000),End=(X=160.000000,Y=-30.000000),RPSCategory=RPS_Attack),DefenderHit=(ImpartedMovement=(Delta=(X=50.000000,Y=0.000000),Duration=0.100000,InAirLaunchDelta=(X=300.000000,Y=800.000000)),Damage=4.000000,SpecialGenerated=4.000000,StunLength=1.000000,SFX=(SoundCue=SoundCue'/Game/Assets/Sound/char_classical_sfx_miss2hit_Cue.char_classical_sfx_miss2hit_Cue'),HitstopAmount=0.170000),DefenderBlock=(Damage=1.000000,StunLength=0.130000),LandingEndsWindow=True,LandingInterrupts=True,AnimName=""AerialAttack""))",""
RiffGrab,"(Any=False,Light=False,LightForward=False,LightBack=False,LightCrouch=False,Medium=True,MediumCrouch=True,Heavy=False,HeavyCrouch=False,Special1=False,Special2=False,Special3=False,Super=False,Jump=False,Block=False,DashForward=False,DashBackward=False)","True","(Standing=FE_Allowed,Crouching=FE_Allowed,Jumping=FE_Allowed)","0.000000","0.000000","((Windup=0.050000,Duration=0.200000,Winddown=0.330000,AttackerMovement=(Delta=(X=100.000000,Y=0.000000),Duration=0.080000),IsHitboxActive=True,Hitbox=(Origin=(X=-10.000000,Y=-50.000000),End=(X=140.000000,Y=-20.000000),Radius=60.000000,RPSCategory=RPS_Grab),DefenderHit=(ImpartedMovement=(Duration=0.100000,InAirLaunchDelta=(X=200.000000,Y=500.000000)),StunLength=0.700000,SFX=(ParticleSystem=ParticleSystem'/Game/Assets/Characters/Classical/Particles/Characters_Class_VFX_SwirlHIT.Characters_Class_VFX_SwirlHIT',SoundCue=SoundCue'/Game/Assets/Sound/char_all_sfx_mediumhit_Cue.char_all_sfx_mediumhit_Cue'),HitstopAmount=0.170000),DefenderBlock=(ImpartedMovement=(Delta=(X=50.000000,Y=0.000000),Duration=0.100000),Damage=1.000000,StunLength=0.150000,SFX=(ParticleSystem=ParticleSystem'/Game/Assets/Characters/Shared/Effects/Character_Shared_VFX_SheildHitFX.Character_Shared_VFX_SheildHitFX')),SFX=(ParticleSystem=ParticleSystem'/Game/Assets/Characters/Shared/Effects/Character_Shared_VFX_Recover2_1.Character_Shared_VFX_Recover2_1',SoundCue=SoundCue'/Game/Assets/Sound/toBeReplaced/snd_se_Ryu_Swing_Punch_s_Cue.snd_se_Ryu_Swing_Punch_s_Cue'),AnimName=""Grab"",Grab=True),(RequiresLastWindowHit=True,Duration=0.700000,AttackerMovement=(Delta=(X=50.000000,Y=0.000000),Duration=0.100000),IsHitboxActive=True,Hitbox=(Origin=(X=-10.000000,Y=40.000000),End=(X=250.000000,Y=-40.000000),RPSCategory=RPS_Grab),IsGravityScaled=True,GravityScale=1.500000,DefenderHit=(SpecialGenerated=2.000000),DefenderBlock=(ImpartedMovement=(Delta=(X=50.000000,Y=0.000000),Duration=0.100000),Damage=1.000000,StunLength=0.150000,SFX=(ParticleSystem=ParticleSystem'/Game/Assets/Characters/Shared/Effects/Character_Shared_VFX_SheildHitFX.Character_Shared_VFX_SheildHitFX')),SFX=(ParticleSystem=ParticleSystem'/Game/Assets/Characters/Shared/Effects/char_shared_VFX_groundSmash_v1.char_shared_VFX_groundSmash_v1',SoundCue=SoundCue'/Game/Assets/Sound/char_all_sfx_mediumhi_3hit_Cue.char_all_sfx_mediumhi_3hit_Cue'),AnimName=""GrabConnect"",IgnoreCollisions=True),(Duration=0.500000,AnimName=""GrabConnect2""),(Winddown=0.800000,AttackerMovement=(Delta=(X=0.000000,Y=-1000.000000),UsePhysicsLaunch=True),IsHitboxActive=True,Hitbox=(Origin=(X=-500.000000,Y=0.000000),End=(X=500.000000,Y=0.000000),Radius=500.000000),DefenderHit=(bKnocksDown=True,ImpartedMovement=(Delta=(X=-1200.000000,Y=1200.000000),UsePhysicsLaunch=True),Damage=20.000000,SFX=(SoundCue=SoundCue'/Game/Assets/Sound/toBeReplaced/We_Will_Rock_You_2_Cue.We_Will_Rock_You_2_Cue',AttachToActor=True),HitstopAmount=0.170000),SFX=(ParticleSystem=ParticleSystem'/Game/Assets/Characters/Rock/Particles/Characters_Rock_VFX_EXPLODE_ver4.Characters_Rock_VFX_EXPLODE_ver4',AttachToActor=True),IgnoreCollisions=True))",""
RiffOffBeatGrab,"(Any=False,Light=False,LightForward=False,LightBack=False,LightCrouch=False,Medium=True,MediumCrouch=True,Heavy=False,HeavyCrouch=False,Special1=False,Special2=False,Special3=False,Super=False,Jump=False,Block=False,DashForward=False,DashBackward=False)","False","(Standing=FE_Allowed,Crouching=FE_Allowed,Jumping=FE_Prohibited)","0.000000","0.500000","((Windup=0.065000,Duration=0.200000,Winddown=0.230000,AttackerMovement=(Duration=0.100000),IsHitboxActive=True,Hitbox=(Origin=(X=-10.000000,Y=-20.000000),End=(X=140.000000,Y=-20.000000),Radius=30.000000,RPSCategory=RPS_Grab),DefenderHit=(ImpartedMovement=(Duration=0.100000,InAirLaunchDelta=(X=200.000000,Y=500.000000)),Damage=10.000000,SpecialGenerated=4.000000,StunLength=0.300000,SFX=(ParticleSystem=ParticleSystem'/Game/Assets/Characters/Shared/Effects/Characters_Shared_VFX_HITFX2_SMALL_Ver1.Characters_Shared_VFX_HITFX2_SMALL_Ver1',SoundCue=SoundCue'/Game/Assets/Sound/char_classical_sfx_miss_Cue1.char_classical_sfx_miss_Cue1'),HitstopAmount=0.170000),DefenderBlock=(ImpartedMovement=(Delta=(X=50.000000,Y=0.000000),Duration=0.100000),Damage=1.000000,StunLength=0.150000,SFX=(ParticleSystem=ParticleSystem'/Game/Assets/Characters/Shared/Effects/Character_Shared_VFX_SheildHitFX.Character_Shared_VFX_SheildHitFX')),SFX=(ParticleSystem=ParticleSystem'/Game/Assets/Characters/Shared/Effects/Character_Shared_VFX_Recover2_1.Character_Shared_VFX_Recover2_1',SoundCue=SoundCue'/Game/Assets/Sound/toBeReplaced/snd_se_Ryu_Swing_Punch_s_Cue.snd_se_Ryu_Swing_Punch_s_Cue'),AnimName=""Grab"",Grab=True),(RequiresLastWindowHit=True,Windup=0.570000,Duration=0.200000,Winddown=0.230000,IsHitboxActive=True,Hitbox=(End=(X=100.000000,Y=0.000000)),DefenderHit=(bKnocksDown=True,ImpartedMovement=(Delta=(X=400.000000,Y=1000.000000),UsePhysicsLaunch=True),SFX=(SoundCue=SoundCue'/Game/Assets/Sound/char_classical_sfx_miss_Cue1.char_classical_sfx_miss_Cue1')),AnimName=""GrabConnectOffbeat"",IgnoreCollisions=True),(AttackerMovement=(Delta=(X=-50.000000,Y=0.000000),Duration=0.100000)))",""
RiffParry,"(Any=False,Light=False,LightForward=False,LightBack=False,LightCrouch=False,Medium=False,MediumCrouch=False,Heavy=False,HeavyCrouch=False,Special1=False,Special2=False,Special3=False,Super=False,Jump=False,Block=True,DashForward=False,DashBackward=False)","True","(Standing=FE_Allowed,Crouching=FE_Allowed,Jumping=FE_Allowed)","0.000000","0.000000","((Windup=0.065000,Duration=0.200000,Winddown=0.200000,IsHitboxActive=True,Hitbox=(Origin=(X=-500.000000,Y=0.000000),End=(X=600.000000,Y=0.000000),Radius=90.000000,RPSCategory=RPS_Block)))",""
RiffParryCounter,"(Any=False,Light=False,LightForward=False,LightBack=False,LightCrouch=False,Medium=False,MediumCrouch=False,Heavy=False,HeavyCrouch=False,Special1=False,Special2=False,Special3=False,Super=False,Jump=False,Block=False,DashForward=False,DashBackward=False)","False","(Standing=FE_Allowed,Crouching=FE_Allowed,Jumping=FE_Allowed)","0.000000","0.000000","((Windup=0.065000,Duration=1.500000,AttackerMovement=(Delta=(X=50.000000,Y=0.000000),Duration=0.100000),IsHitboxActive=True,Hitbox=(End=(X=200.000000,Y=0.000000),RPSCategory=RPS_Attack),DefenderHit=(bKnocksDown=True,ImpartedMovement=(Delta=(X=1500.000000,Y=900.000000),UsePhysicsLaunch=True),Damage=20.000000,StunLength=1.500000,SFX=(ParticleSystem=ParticleSystem'/Game/Assets/Characters/Shared/Effects/Characters_Shared_VFX_HIT6__ROTATION1.Characters_Shared_VFX_HIT6__ROTATION1',SoundCue=SoundCue'/Game/Assets/Sound/char_all_sfx_mediumhit_Cue.char_all_sfx_mediumhit_Cue')),AnimName=""Parry"",Invincibility=True))",""
RiffDashForward,"(Any=False,Light=False,LightForward=False,LightBack=False,LightCrouch=False,Medium=False,MediumCrouch=False,Heavy=False,HeavyCrouch=False,Special1=False,Special2=False,Special3=False,Super=False,Jump=False,Block=False,DashForward=True,DashBackward=False)","False","(Standing=FE_Allowed,Crouching=FE_Allowed,Jumping=FE_Allowed)","0.000000","0.500000","((Windup=0.100000,AnimName=""DashForward""),(Duration=0.400000,AttackerMovement=(Delta=(X=300.000000,Y=0.000000),Duration=0.400000,InAirLaunchDelta=(X=600.000000,Y=800.000000)),SFX=(SoundCue=SoundCue'/Game/Assets/Sound/toBeReplaced/snd_se_Ryu_Dash_start_Cue.snd_se_Ryu_Dash_start_Cue'),AnimName=""DashForward""))",""
RiffDashBackward,"(Any=False,Light=False,LightForward=False,LightBack=False,LightCrouch=False,Medium=False,MediumCrouch=False,Heavy=False,HeavyCrouch=False,Special1=False,Special2=False,Special3=False,Super=False,Jump=False,Block=False,DashForward=False,DashBackward=True)","False","(Standing=FE_Allowed,Crouching=FE_Allowed,Jumping=FE_Allowed)","0.000000","0.500000","((Windup=0.100000,AnimName=""DashBackward"",IgnoreCollisions=True),(Duration=0.400000,AttackerMovement=(Delta=(X=-800.000000,Y=400.000000),Duration=0.400000,UsePhysicsLaunch=True),SFX=(SoundCue=SoundCue'/Game/Assets/Sound/toBeReplaced/snd_se_Ryu_Dash_start_Cue.snd_se_Ryu_Dash_start_Cue'),AnimName=""DashBackward"",IgnoreCollisions=True))",""
RiffOldGrab,"(Any=False,Light=False,LightForward=False,LightBack=False,LightCrouch=False,Medium=False,MediumCrouch=False,Heavy=False,HeavyCrouch=False,Special1=False,Special2=False,Special3=False,Super=False,Jump=False,Block=False,DashForward=False,DashBackward=False)","True","(Standing=FE_Allowed,Crouching=FE_Allowed,Jumping=FE_Prohibited)","0.000000","0.500000","((Windup=0.050000,Duration=0.200000,AttackerMovement=(Duration=0.100000),IsHitboxActive=True,Hitbox=(Origin=(X=-10.000000,Y=-20.000000),End=(X=175.000000,Y=40.000000),RPSCategory=RPS_Grab),DefenderHit=(ImpartedMovement=(Delta=(X=0.000000,Y=10.000000),Duration=0.100000,InAirLaunchDelta=(X=200.000000,Y=500.000000)),Damage=0.500000,SpecialGenerated=1.000000,StunLength=0.500000,SFX=(ParticleSystem=ParticleSystem'/Game/Assets/Characters/Classical/Particles/Characters_Class_VFX_SwirlHIT.Characters_Class_VFX_SwirlHIT',SoundCue=SoundCue'/Game/Assets/Sound/char_all_sfx_mediumhit_Cue.char_all_sfx_mediumhit_Cue')),DefenderBlock=(ImpartedMovement=(Delta=(X=50.000000,Y=0.000000),Duration=0.100000),Damage=1.000000,StunLength=0.150000,SFX=(ParticleSystem=ParticleSystem'/Game/Assets/Characters/Shared/Effects/Character_Shared_VFX_SheildHitFX.Character_Shared_VFX_SheildHitFX')),SFX=(ParticleSystem=ParticleSystem'/Game/Assets/Characters/Shared/Effects/Character_Shared_VFX_Recover2_1.Character_Shared_VFX_Recover2_1',SoundCue=SoundCue'/Game/Assets/Sound/toBeReplaced/snd_se_Ryu_Swing_Punch_s_Cue.snd_se_Ryu_Swing_Punch_s_Cue'),AnimName=""Grab""),(RequiresLastWindowHit=True,Windup=0.050000,Duration=0.200000,AttackerMovement=(Duration=0.100000),IsHitboxActive=True,Hitbox=(Origin=(X=-10.000000,Y=-20.000000),End=(X=175.000000,Y=40.000000)),DefenderHit=(ImpartedMovement=(Delta=(X=-1.000000,Y=20.000000),Duration=0.100000,InAirLaunchDelta=(X=200.000000,Y=500.000000)),Damage=0.500000,SpecialGenerated=1.000000,StunLength=0.500000,SFX=(ParticleSystem=ParticleSystem'/Game/Assets/Characters/Classical/Particles/Characters_Class_VFX_SwirlHIT.Characters_Class_VFX_SwirlHIT',SoundCue=SoundCue'/Game/Assets/Sound/char_all_sfx_mediumhit_Cue.char_all_sfx_mediumhit_Cue')),DefenderBlock=(ImpartedMovement=(Delta=(X=50.000000,Y=0.000000),Duration=0.100000),Damage=1.000000,StunLength=0.150000,SFX=(ParticleSystem=ParticleSystem'/Game/Assets/Characters/Shared/Effects/Character_Shared_VFX_SheildHitFX.Character_Shared_VFX_SheildHitFX')),SFX=(SoundCue=SoundCue'/Game/Assets/Sound/toBeReplaced/snd_se_Ryu_Swing_Punch_s_Cue.snd_se_Ryu_Swing_Punch_s_Cue')),(Windup=0.050000,Duration=0.200000,AttackerMovement=(Duration=0.100000),IsHitboxActive=True,Hitbox=(Origin=(X=-10.000000,Y=-20.000000),End=(X=175.000000,Y=40.000000)),DefenderHit=(ImpartedMovement=(Delta=(X=-1.000000,Y=20.000000),Duration=0.100000,InAirLaunchDelta=(X=200.000000,Y=500.000000)),Damage=0.500000,SpecialGenerated=1.000000,StunLength=0.500000,SFX=(ParticleSystem=ParticleSystem'/Game/Assets/Characters/Classical/Particles/Characters_Class_VFX_SwirlHIT.Characters_Class_VFX_SwirlHIT',SoundCue=SoundCue'/Game/Assets/Sound/char_all_sfx_mediumhit_Cue.char_all_sfx_mediumhit_Cue')),DefenderBlock=(ImpartedMovement=(Delta=(X=50.000000,Y=0.000000),Duration=0.100000),Damage=1.000000,StunLength=0.150000,SFX=(ParticleSystem=ParticleSystem'/Game/Assets/Characters/Shared/Effects/Character_Shared_VFX_SheildHitFX.Character_Shared_VFX_SheildHitFX')),SFX=(SoundCue=SoundCue'/Game/Assets/Sound/toBeReplaced/snd_se_Ryu_Swing_Punch_s_Cue.snd_se_Ryu_Swing_Punch_s_Cue')),(Windup=0.050000,Duration=0.200000,AttackerMovement=(Duration=0.100000),IsHitboxActive=True,Hitbox=(Origin=(X=-10.000000,Y=-20.000000),End=(X=175.000000,Y=40.000000)),DefenderHit=(ImpartedMovement=(Delta=(X=-1.000000,Y=20.000000),Duration=0.100000,InAirLaunchDelta=(X=200.000000,Y=500.000000)),Damage=0.500000,SpecialGenerated=1.000000,StunLength=0.500000,SFX=(ParticleSystem=ParticleSystem'/Game/Assets/Characters/Classical/Particles/Characters_Class_VFX_SwirlHIT.Characters_Class_VFX_SwirlHIT',SoundCue=SoundCue'/Game/Assets/Sound/char_all_sfx_mediumhit_Cue.char_all_sfx_mediumhit_Cue')),DefenderBlock=(ImpartedMovement=(Delta=(X=50.000000,Y=0.000000),Duration=0.100000),Damage=1.000000,StunLength=0.150000,SFX=(ParticleSystem=ParticleSystem'/Game/Assets/Characters/Shared/Effects/Character_Shared_VFX_SheildHitFX.Character_Shared_VFX_SheildHitFX')),SFX=(SoundCue=SoundCue'/Game/Assets/Sound/toBeReplaced/snd_se_Ryu_Swing_Punch_s_Cue.snd_se_Ryu_Swing_Punch_s_Cue')),(Windup=0.050000,Duration=0.200000,AttackerMovement=(Duration=0.100000),IsHitboxActive=True,Hitbox=(Origin=(X=-10.000000,Y=-20.000000),End=(X=175.000000,Y=40.000000)),DefenderHit=(ImpartedMovement=(Delta=(X=-1.000000,Y=20.000000),Duration=0.100000,InAirLaunchDelta=(X=200.000000,Y=500.000000)),Damage=0.500000,SpecialGenerated=1.000000,StunLength=0.500000,SFX=(ParticleSystem=ParticleSystem'/Game/Assets/Characters/Classical/Particles/Characters_Class_VFX_SwirlHIT.Characters_Class_VFX_SwirlHIT',SoundCue=SoundCue'/Game/Assets/Sound/char_all_sfx_mediumhit_Cue.char_all_sfx_mediumhit_Cue')),DefenderBlock=(ImpartedMovement=(Delta=(X=50.000000,Y=0.000000),Duration=0.100000),Damage=1.000000,StunLength=0.150000,SFX=(ParticleSystem=ParticleSystem'/Game/Assets/Characters/Shared/Effects/Character_Shared_VFX_SheildHitFX.Character_Shared_VFX_SheildHitFX')),SFX=(SoundCue=SoundCue'/Game/Assets/Sound/toBeReplaced/snd_se_Ryu_Swing_Punch_s_Cue.snd_se_Ryu_Swing_Punch_s_Cue')),(Windup=0.050000,Duration=0.200000,AttackerMovement=(Duration=0.100000),IsHitboxActive=True,Hitbox=(Origin=(X=-10.000000,Y=-20.000000),End=(X=175.000000,Y=40.000000)),DefenderHit=(ImpartedMovement=(Delta=(X=-1.000000,Y=50.000000),Duration=0.100000,InAirLaunchDelta=(X=200.000000,Y=500.000000)),Damage=0.500000,SpecialGenerated=1.000000,StunLength=0.500000,SFX=(ParticleSystem=ParticleSystem'/Game/Assets/Characters/Classical/Particles/Characters_Class_VFX_SwirlHIT.Characters_Class_VFX_SwirlHIT',SoundCue=SoundCue'/Game/Assets/Sound/char_all_sfx_mediumhit_Cue.char_all_sfx_mediumhit_Cue')),DefenderBlock=(ImpartedMovement=(Delta=(X=50.000000,Y=0.000000),Duration=0.100000),Damage=1.000000,StunLength=0.150000,SFX=(ParticleSystem=ParticleSystem'/Game/Assets/Characters/Shared/Effects/Character_Shared_VFX_SheildHitFX.Character_Shared_VFX_SheildHitFX')),SFX=(SoundCue=SoundCue'/Game/Assets/Sound/toBeReplaced/snd_se_Ryu_Swing_Punch_s_Cue.snd_se_Ryu_Swing_Punch_s_Cue')),(Windup=1.000000,Duration=0.100000,AttackerMovement=(Duration=0.100000),IsHitboxActive=True,Hitbox=(Origin=(X=-10.000000,Y=40.000000),End=(X=250.000000,Y=-40.000000)),DefenderHit=(ImpartedMovement=(Delta=(X=200.000000,Y=200.000000),Duration=0.100000,InAirLaunchDelta=(X=200.000000,Y=500.000000)),Damage=4.000000,SpecialGenerated=4.000000,StunLength=1.000000,SFX=(ParticleSystem=ParticleSystem'/Game/Assets/Characters/Rock/Particles/Characters_Rock_VFX_EXPLODE_ver2.Characters_Rock_VFX_EXPLODE_ver2',SoundCue=SoundCue'/Game/Assets/Sound/char_all_sfx_mediumhit_Cue.char_all_sfx_mediumhit_Cue'),HitstopAmount=0.170000),DefenderBlock=(ImpartedMovement=(Delta=(X=50.000000,Y=0.000000),Duration=0.100000),Damage=1.000000,StunLength=0.150000,SFX=(ParticleSystem=ParticleSystem'/Game/Assets/Characters/Shared/Effects/Character_Shared_VFX_SheildHitFX.Character_Shared_VFX_SheildHitFX')),SFX=(ParticleSystem=ParticleSystem'/Game/Assets/Characters/Shared/Effects/char_shared_VFX_groundSmash_v1.char_shared_VFX_groundSmash_v1',SoundCue=SoundCue'/Game/Assets/Sound/toBeReplaced/snd_se_Ryu_Swing_Punch_s_Cue.snd_se_Ryu_Swing_Punch_s_Cue')))",""
RiffOldOffBeatGrab,"(Any=False,Light=False,LightForward=False,LightBack=False,LightCrouch=False,Medium=False,MediumCrouch=False,Heavy=False,HeavyCrouch=False,Special1=False,Special2=False,Special3=False,Super=False,Jump=False,Block=False,DashForward=False,DashBackward=False)","False","(Standing=FE_Allowed,Crouching=FE_Allowed,Jumping=FE_Prohibited)","0.000000","0.500000","((Windup=0.065000,Duration=0.200000,Winddown=0.230000,AttackerMovement=(Duration=0.100000),IsHitboxActive=True,Hitbox=(Origin=(X=-10.000000,Y=0.000000),End=(X=130.000000,Y=0.000000),Radius=10.000000,RPSCategory=RPS_Grab),DefenderHit=(ImpartedMovement=(Delta=(X=15.000000,Y=0.000000),Duration=0.100000,InAirLaunchDelta=(X=200.000000,Y=500.000000)),Damage=3.000000,SpecialGenerated=4.000000,StunLength=1.000000,SFX=(ParticleSystem=ParticleSystem'/Game/Assets/Characters/Shared/Effects/Characters_Shared_VFX_HITFX2_SMALL_Ver1.Characters_Shared_VFX_HITFX2_SMALL_Ver1',SoundCue=SoundCue'/Game/Assets/Sound/char_all_sfx_mediumhit_Cue.char_all_sfx_mediumhit_Cue'),HitstopAmount=0.170000),DefenderBlock=(ImpartedMovement=(Delta=(X=50.000000,Y=0.000000),Duration=0.100000),Damage=1.000000,StunLength=0.150000,SFX=(ParticleSystem=ParticleSystem'/Game/Assets/Characters/Shared/Effects/Character_Shared_VFX_SheildHitFX.Character_Shared_VFX_SheildHitFX')),SFX=(ParticleSystem=ParticleSystem'/Game/Assets/Characters/Shared/Effects/Character_Shared_VFX_Recover2_1.Character_Shared_VFX_Recover2_1',SoundCue=SoundCue'/Game/Assets/Sound/toBeReplaced/snd_se_Ryu_Swing_Punch_s_Cue.snd_se_Ryu_Swing_Punch_s_Cue')))",""
